x,y,z,type,volume,cycle entry,custom:GFP,custom:sample
178.20236792483234,-275.3452723473973,0.0,TU
-301.9015394218767,20.034543174133333,0.0,TU
333.3544276982284,292.8891354655238,0.0,TU
-132.4835307777215,268.84606429548575,0.0,TU
323.023472048298,466.3240502712393,0.0,TU
102.5935714524035,439.12623386617327,0.0,TU
245.22454836797496,401.3281220761099,0.0,TU
-471.65505593707485,-338.54689239182215,0.0,TU
-17.148950651655838,77.4213408101137,0.0,TU
311.58621226609364,251.8458806187223,0.0,TU
-278.3546282764269,-167.80462212045066,0.0,TU
324.0510636305357,326.99711071012416,0.0,TU
45.46772495652057,-344.6396606129186,0.0,TU
-417.78585254532436,118.31656573500443,0.0,TU
479.512087986483,-130.83568331875324,0.0,TU
440.7429097944552,360.1666845829965,0.0,TU
258.5589654284597,-402.1872070688503,0.0,TU
-453.73158817321274,267.01805660232833,0.0,TU
35.230338833479145,162.25332458447366,0.0,TU
335.6522117821399,243.22119357093723,0.0,TU
-334.52675765847397,472.8882486231736,0.0,TU
466.7965718506258,-376.90685648918446,0.0,TU
-384.98680910330046,481.1826582272642,0.0,TU
-259.1619615199117,157.2170529057027,0.0,TU
314.60959650414605,-355.5609085076429,0.0,TU
131.20804084810723,241.50705642197522,0.0,TU
-48.4093654936093,495.8430701963678,0.0,TU
-116.81238182428328,390.04201186748236,0.0,TU
-296.2840913824134,250.9677903904303,0.0,TU
252.46640204470006,406.36645215233966,0.0,TU
-466.2219891886754,-184.50886620558637,0.0,TU
466.99370925630865,126.38292997558203,0.0,TU
-228.15841027548117,133.60494774303706,0.0,TU
-282.87365327557296,-468.8523076896838,0.0,TU
65.78265331967731,447.5425863831573,0.0,TU
473.71399902989657,4.6551453811768395,0.0,TU
-169.27701371852567,306.5851803715585,0.0,TU
409.7139268351825,-59.87998321609861,0.0,TU
334.2733475569927,-81.45132723869702,0.0,TU
-132.64254454302622,-160.33137736821612,0.0,TU
360.18660636610144,128.14618768460878,0.0,TU
402.9455845984271,95.74480745405972,0.0,TU
160.35608249214695,-320.7898406216971,0.0,TU
-150.72809320533398,379.1923857949589,0.0,TU
70.24950489775867,-103.9119207294179,0.0,TU
474.2125777707464,-361.18675381639923,0.0,TU
80.35667459549283,-79.26011701370473,0.0,TU
-64.51820444471245,137.35251640357183,0.0,TU
-416.4970692765002,394.64532733855236,0.0,TU
-151.64051303272262,33.20267673024868,0.0,TU
-221.36796385322916,-122.99987015339758,0.0,TU
-34.005115976210256,107.28241004642491,0.0,TU
-107.62191025047684,-471.0927272448193,0.0,TU
24.890500761521885,327.11788997265893,0.0,TU
346.93167116419727,256.2881079621058,0.0,TU
353.321260874467,-164.66063874125214,0.0,TU
-84.22027556595762,-492.4645542207458,0.0,TU
-352.2468182058424,270.30549716236453,0.0,TU
246.6237465129929,-94.53882688917442,0.0,TU
-49.748113090319066,-60.480331119246166,0.0,TU
294.4051350781116,215.4915314236292,0.0,TU
-343.71843047043365,47.36945738967208,0.0,TU
324.9319608512875,405.1295652586435,0.0,TU
81.24920773722071,-343.0121119679455,0.0,TU
-286.2038629838826,181.8057245950319,0.0,TU
-87.85762291841293,-212.09252787298811,0.0,TU
-242.62780207362056,-152.3804563986629,0.0,TU
-98.11714084392781,-195.18822302347695,0.0,TU
50.30998861129504,331.86718034696923,0.0,TU
96.72361400596874,11.523544203303704,0.0,TU
139.8007163225659,319.6314415906814,0.0,TU
-169.83031024072136,-278.712372335071,0.0,TU
268.2051915400152,133.93679140872038,0.0,TU
-303.8813843717123,112.6035501081008,0.0,TU
456.9072613124721,186.72229557271774,0.0,TU
-307.0844251594463,408.95208841621974,0.0,TU
-199.1251174317064,333.70776526691554,0.0,TU
171.4832598500391,219.73268717922107,0.0,TU
-210.448264379613,-299.63875891179595,0.0,TU
168.42385072357635,-430.5567600307128,0.0,TU
-106.42504301917872,-271.43906618040256,0.0,TU
278.40918013915376,-207.49887918537712,0.0,TU
-418.46391642231185,-11.284291601188546,0.0,TU
-142.62217115338328,393.48789969060044,0.0,TU
-280.1743371751617,-177.4228617153291,0.0,TU
-320.2416465711061,42.32437679231449,0.0,TU
-420.22137527301004,-394.52030210102356,0.0,TU
95.93659220225076,295.4580464136134,0.0,TU
389.76584091196645,414.82190267646416,0.0,TU
330.98491972531707,315.29434865427174,0.0,TU
-264.29210071872114,-367.7603528967906,0.0,TU
-250.1525781772574,-459.9354670652714,0.0,TU
183.58481284751133,-74.05039931356372,0.0,TU
290.39841492673787,-458.3215513469581,0.0,TU
0.6422127634007069,267.2772723780196,0.0,TU
-260.9311476660894,96.00812548397441,0.0,TU
-58.77862456046829,-104.7033569749668,0.0,TU
334.00972625628,290.11426609957084,0.0,TU
-93.95179439920825,-168.22517590875506,0.0,TU
450.9580539189414,122.63965248718367,0.0,TU
-485.6099559427472,430.5166999861202,0.0,TU
-256.7172485629101,-444.84370628583247,0.0,TU
-244.3024629389924,-162.7905662595057,0.0,TU
163.31095287400439,-28.1666388996199,0.0,TU
219.14930401658296,82.35887347149045,0.0,TU
159.79471312999917,-36.114674136238925,0.0,TU
-376.2046166060046,-358.162671738014,0.0,TU
-19.180777393987324,-388.9388527684386,0.0,TU
321.4010250810412,-435.4837999312713,0.0,TU
-441.4182453390396,-258.8149141989836,0.0,TU
-36.78167710788283,468.77516870366924,0.0,TU
46.82872630373724,-373.6123225442934,0.0,TU
-36.17862887066331,-128.33084494795722,0.0,TU
-207.2149062335183,-171.9898181581851,0.0,TU
-322.35998869090884,24.580414577524078,0.0,TU
-268.68959522192756,-16.713266546610818,0.0,TU
36.18819659706124,-111.62770053468046,0.0,TU
-277.02919173010537,-2.6744943471114224,0.0,TU
48.062925866075744,466.83945306646757,0.0,TU
0.39475554660939327,-43.78728149311911,0.0,TU
332.6364181184554,301.8775719188065,0.0,TU
231.6955044023231,-85.63670533311979,0.0,TU
-79.14152534968683,-64.09403640523087,0.0,TU
-131.01750225343727,-445.91010570330644,0.0,TU
195.76854980081458,-329.71162342495813,0.0,TU
51.47307235014309,-251.94439839563677,0.0,TU
167.10766863005733,170.52393641531177,0.0,TU
-227.7508476096101,439.6021687926913,0.0,TU
170.9672467873633,-12.195496555048368,0.0,TU
214.4437156751053,-363.56559844096375,0.0,TU
116.7902171111796,18.910068276017654,0.0,TU
57.65054516952467,359.72998383498594,0.0,TU
111.5450092226779,51.69746831502076,0.0,TU
-126.74687662859519,-452.9719839631323,0.0,TU
205.92614157224847,-225.81949775941897,0.0,TU
280.34724068784004,100.23452388317949,0.0,TU
-79.14312802954903,302.84962022993784,0.0,TU
-284.15957553896277,33.62031702601831,0.0,TU
-416.0812268645592,59.23085254724092,0.0,TU
-395.1299519708469,247.82696044162356,0.0,TU
68.18555251472918,27.66619358167305,0.0,TU
-158.18770369384143,-96.85852538814893,0.0,TU
419.6039765197295,470.0899173646207,0.0,TU
-326.88896147807816,323.6111416989277,0.0,TU
274.81115055301746,-52.33031695394813,0.0,TU
158.30121741370644,75.24774903629277,0.0,TU
245.30678794909954,-353.0290573190154,0.0,TU
-288.5102008452792,134.55987631900518,0.0,TU
-65.17583985739589,-197.38765838584143,0.0,TU
268.7468768366172,1.1737369337265768,0.0,TU
56.88097940227471,323.91851930411326,0.0,TU
470.1985169727721,426.6732488043619,0.0,TU
410.9007296271002,-298.36149505310857,0.0,TU
254.8785334504357,-179.6694952578936,0.0,TU
-450.6296038982817,190.7044049515617,0.0,TU
-465.9563662987279,475.1056029327151,0.0,TU
446.88709388097243,-334.674175381398,0.0,TU
439.4405729564261,64.48945396358263,0.0,TU
137.44782912854387,210.1676945977495,0.0,TU
-80.81884689229591,-258.1239116000302,0.0,TU
-365.8526363615758,-100.16991054822117,0.0,TU
219.33584840152443,-391.9762590489205,0.0,TU
-327.3878756421301,137.00589019277376,0.0,TU
104.75961215626606,454.2187739361325,0.0,TU
-47.87709933167883,-284.2361010784098,0.0,TU
346.7549185231602,419.704018804636,0.0,TU
338.53685632922395,-236.60659344219937,0.0,TU
-248.93459025715958,-400.6760291351243,0.0,TU
413.1086878876101,262.21817292887465,0.0,TU
-122.81578702440726,397.1921125464282,0.0,TU
-173.2346435393336,-489.86716738692985,0.0,TU
-225.49325132417187,353.7614094890214,0.0,TU
63.6559393733625,480.13317924603325,0.0,TU
168.15636375247777,240.32401415620447,0.0,TU
474.3270404514953,482.8265873832062,0.0,TU
224.5617069651254,-217.79457900635452,0.0,TU
-416.63564101792394,304.7642548770318,0.0,TU
156.89107165286435,106.90060533136642,0.0,TU
-475.30318578993644,-26.022919378065723,0.0,TU
292.9315252639608,-266.15218192408315,0.0,TU
220.37747172065892,-408.1139259314001,0.0,TU
400.5857516476624,-99.27142943410084,0.0,TU
-249.809205999381,486.87129101924677,0.0,TU
365.5514915017811,85.85499448684408,0.0,TU
-58.96933743711674,-141.64826399885112,0.0,TU
-433.6773195576789,389.1859522727456,0.0,TU
340.73030625858564,198.12367340820296,0.0,TU
60.135481564303426,-322.4280217148634,0.0,TU
151.8619258159129,-160.4677191597202,0.0,TU
-51.573380439180525,-397.536440590582,0.0,TU
201.14733903815934,-481.3924039903661,0.0,TU
188.1559084774988,26.13433378079827,0.0,TU
408.0167511510342,-243.1958140444469,0.0,TU
118.00396516185602,-20.16261986047535,0.0,TU
34.49500435522973,-144.4049849770448,0.0,TU
-260.08011151219785,436.69572895460965,0.0,TU
188.89841195470575,338.6519796490705,0.0,TU
95.64457834825718,468.47462695434774,0.0,TU
63.51678798661587,152.70674927137568,0.0,TU
-7.919035472437108,-189.7306902967324,0.0,TU
147.55443009214264,-435.6384940605786,0.0,TU
-174.9477318236993,-179.77157226000173,0.0,TU
-101.49677959559861,398.4737520078229,0.0,TU
-351.3691496447934,-314.5587893171334,0.0,TU
-12.21344147031661,166.47512348118664,0.0,TU
-456.6029809070862,-460.7288681082652,0.0,TU
-206.41969887945322,-125.90735100456585,0.0,TU
-42.79977641138416,379.2018365171016,0.0,TU
328.55941953063666,305.74742635959956,0.0,TU
34.82293387413282,-260.32767686705574,0.0,TU
199.04358911811542,167.77860084832858,0.0,TU
293.8977025331861,-220.63716837503432,0.0,TU
-484.71968783793915,-35.45809571928476,0.0,TU
-308.8472930942954,-14.168725191692321,0.0,TU
354.3383599827535,20.165080525756494,0.0,TU
209.22474858772904,-238.3769377541641,0.0,TU
-197.87241492367718,433.47052141525614,0.0,TU
65.46562606338874,-103.03688996858762,0.0,TU
-62.97032052375029,-432.11530113077856,0.0,TU
-401.5378211688724,392.904242122175,0.0,TU
231.30963596686476,-410.788845880419,0.0,TU
484.0362514548392,-405.5813019395661,0.0,TU
-415.01634181403733,426.21944282093654,0.0,TU
140.9647758757804,-25.84283995556591,0.0,TU
116.69813472906348,258.56044405666523,0.0,TU
-309.17315352272874,78.16571919641929,0.0,TU
-290.36856989867596,85.38014172519281,0.0,TU
257.46375443033605,331.4531261722829,0.0,TU
487.7636645104509,297.5231724618806,0.0,TU
479.617717661911,-394.0798940678532,0.0,TU
429.1866898805312,-249.51808645204065,0.0,TU
-227.24136647767835,1.8598304090295947,0.0,TU
224.2426140013169,-175.1361853346638,0.0,TU
387.7047572962473,-380.3524030219475,0.0,TU
114.03090845000996,65.17036178453594,0.0,TU
-154.31632426197532,99.54115641397887,0.0,TU
-480.7498396185737,225.04763429542967,0.0,TU
135.02923305077786,327.01153882938024,0.0,TU
-282.5361415183468,-58.73794943824645,0.0,TU
347.41036493586034,472.49239277792157,0.0,TU
478.4073352954389,481.0929547459001,0.0,TU
-497.80210090175297,218.38858466165985,0.0,TU
110.06462209876334,221.79985065909358,0.0,TU
-42.60023877983099,-326.8282382028102,0.0,TU
463.89573968765774,-360.2932096853187,0.0,TU
-115.7914956444997,405.15164956166626,0.0,TU
-92.91602778267128,-497.14399288052954,0.0,TU
212.24641633826758,140.31778993825787,0.0,TU
-0.20514471958743563,-457.9715019770262,0.0,TU
-356.3007036491966,-159.65844001068703,0.0,TU
-228.65830494641014,-226.161738817148,0.0,TU
268.70846929990347,222.05650258770322,0.0,TU
-454.77771421860126,278.52379309611706,0.0,TU
68.12528254598892,-235.3811961938015,0.0,TU
-402.130577189225,-199.02742033946885,0.0,TU
194.06072838424853,457.2922176108739,0.0,TU
202.80969512772117,-33.54686631493936,0.0,TU
-85.26519469688765,-328.0730459237211,0.0,TU
-459.51913851433557,-224.080436684501,0.0,TU
143.43343749139697,430.5314682398597,0.0,TU
172.2529466970316,134.98681842773104,0.0,TU
231.77391962946092,436.7876528798671,0.0,TU
-423.6775269546834,201.4450155250243,0.0,TU
-264.82226351756674,260.26026682075724,0.0,TU
-430.6161136301929,225.7735114087122,0.0,TU
320.12545747613814,-209.06579989681134,0.0,TU
116.52659399242931,-479.1638432406934,0.0,TU
498.0063916911241,251.27380336101157,0.0,TU
-138.51272443481216,-141.73057463203958,0.0,TU
17.399599934175058,144.59657598293484,0.0,TU
303.25611266160945,-413.5790742138117,0.0,TU
268.09613964110207,220.0603854924681,0.0,TU
98.47681510436068,113.8891708089007,0.0,TU
268.5846608020144,77.87581143276489,0.0,TU
17.80607513642074,277.08486080550006,0.0,TU
126.11156711530941,-473.585308421697,0.0,TU
30.03658417749122,71.84381259210637,0.0,TU
4.6207942027571836,-88.09720308212377,0.0,TU
-157.826813491162,111.4750042788768,0.0,TU
-131.90303747317878,259.46868213237843,0.0,TU
-235.58627968907092,-463.9503149310135,0.0,TU
131.31680618303682,-372.0247256142889,0.0,TU
-402.9850643354769,332.0628696416752,0.0,TU
-262.71599915482113,-441.674850511052,0.0,TU
-110.03312739234589,432.86361855339686,0.0,TU
177.98419541611827,88.04464397192696,0.0,TU
192.92972341805452,-195.54612207411026,0.0,TU
-299.6817758691328,215.92184615601485,0.0,TU
-74.77465927847227,61.78624529974525,0.0,TU
125.71507609373172,478.9176522242515,0.0,TU
104.94642115249859,9.805266237126798,0.0,TU
-82.19634216420707,-395.98050723335786,0.0,TU
127.36025022877445,278.11819701288636,0.0,TU
486.8460674250994,386.43696819092656,0.0,TU
-154.4304496182316,-283.2218425433133,0.0,TU
-43.886457061720286,-447.9060506992893,0.0,TU
-218.6408241223088,68.48331727211793,0.0,TU
381.80764948082833,240.39308408986366,0.0,TU
-207.42380328027286,-20.254586470660918,0.0,TU
422.87243916288156,327.31059675773145,0.0,TU
288.5266708567721,41.936869276006036,0.0,TU
439.2653746035779,325.1484870367538,0.0,TU
171.5220028965051,360.20803454617146,0.0,TU
251.5341613160141,-460.09849303713696,0.0,TU
-120.96386405961829,-9.52170463714591,0.0,TU
-219.514621990224,460.0569066613144,0.0,TU
-240.91862678812907,107.13590465512979,0.0,TU
-252.87114917772217,-430.5044106540068,0.0,TU
-208.99960846017578,-324.5403010094422,0.0,TU
335.75590364051874,462.3255527025904,0.0,TU
186.7831430195403,292.56083046356235,0.0,TU
405.21645678658524,-362.4354267899402,0.0,TU
136.233592016548,-490.23539889153557,0.0,TU
161.04028765813288,-37.546822902656984,0.0,TU
-390.2609013785109,-303.359789891116,0.0,TU
-276.8641156991806,-366.145283712848,0.0,TU
41.90207954753039,257.04034780963656,0.0,TU
-263.5354692567292,307.607448298457,0.0,TU
-296.80527222320717,61.73178686536801,0.0,TU
85.66227222718747,-304.7226486636394,0.0,TU
-194.63319840452414,231.1807236238696,0.0,TU
-151.7266082248031,-390.7615647665336,0.0,TU
-137.27229237022232,-2.662095285532129,0.0,TU
322.4531619324585,-304.5976956966631,0.0,TU
-225.26826953353802,278.40607157037005,0.0,TU
-285.6697642265386,58.22276204235571,0.0,TU
214.8013717242734,-164.37299417480327,0.0,TU
377.4362644542803,-318.722689358951,0.0,TU
-188.02089555457823,-408.99238553860266,0.0,TU
170.19241883877456,148.03275501947354,0.0,TU
-53.96227748249694,-456.78900570134743,0.0,TU
315.0172887712191,150.57950989272268,0.0,TU
-143.3302906435115,41.94898031445465,0.0,TU
51.88735431737035,-19.43684850834465,0.0,TU
-242.49614228874978,258.8194678447173,0.0,TU
498.49525140627554,174.11531985368433,0.0,TU
-227.13536218021264,-53.72660822094327,0.0,TU
72.64300487289333,488.03529301595216,0.0,TU
198.61376478311627,-476.56230625398257,0.0,TU
-20.39250671775905,287.7747539155516,0.0,TU
110.05491500958175,461.24944815125156,0.0,TU
252.19035214938341,126.69905377968632,0.0,TU
443.2947980844732,-211.43420452954354,0.0,TU
-392.0935896160398,-361.3058624172248,0.0,TU
165.39649571382782,-164.67676212497733,0.0,TU
-112.94070646678794,-216.48652491985314,0.0,TU
-256.6099879139094,-144.46850832879133,0.0,TU
288.2027757268167,-162.1568319377903,0.0,TU
72.35531806825996,-111.32461761339269,0.0,TU
-270.0145961303438,162.94507169682137,0.0,TU
-468.8822796591121,-444.56526785242914,0.0,TU
-196.47538249567654,-207.8930310345915,0.0,TU
-122.30813702613302,-260.4077930720411,0.0,TU
-330.4869103248379,240.6369759138025,0.0,TU
480.82024615765204,-366.96018514385025,0.0,TU
204.59832189282488,-271.73493499068155,0.0,TU
84.55195021032574,466.32285867058386,0.0,TU
454.4904459574321,-384.5849347617937,0.0,TU
-426.97423150727184,135.48160393560977,0.0,TU
-15.942397604296055,136.95743531495185,0.0,TU
-281.56329694602346,214.66138285209763,0.0,TU
-351.04859418974553,-364.235472779296,0.0,TU
-451.99084829464266,466.9293978928697,0.0,TU
369.38901445929883,-339.2736707090803,0.0,TU
299.64678315523935,466.4231106801496,0.0,TU
-395.9532692111184,-454.458872060727,0.0,TU
11.72951086057722,268.43410898530107,0.0,TU
46.515187370447855,-266.05898622939134,0.0,TU
-201.30571917008132,-191.9744471314863,0.0,TU
463.96710061851076,367.24352016120184,0.0,TU
248.1097397449622,-167.36766328963952,0.0,TU
-246.2609270102542,-244.59825899030778,0.0,TU
21.167246259151675,-124.26787196354644,0.0,TU
121.09794600657109,387.4292010909779,0.0,TU
-343.69495634285727,-405.3603364725874,0.0,TU
73.00845279605412,154.88265707145172,0.0,TU
359.7351156566906,145.14183865738016,0.0,TU
208.98477179326352,-360.7558899217118,0.0,TU
-305.4732628513266,-202.05492387147856,0.0,TU
-269.16318600495606,-474.3524591195904,0.0,TU
-471.7140536326427,132.56163072286975,0.0,TU
-374.0173696707944,126.2069064882801,0.0,TU
132.43312890678573,354.1620245389852,0.0,TU
402.5088466173139,324.26707951667123,0.0,TU
-308.1121258034765,91.16759178910976,0.0,TU
168.85538736211225,-347.8388316076695,0.0,TU
-193.24686143195686,316.33851742068,0.0,TU
337.0006855349268,-421.71389785452465,0.0,TU
-376.2012268597336,-325.59885604767317,0.0,TU
438.2104718022464,39.12104929001137,0.0,TU
427.1729913913577,-260.04134160829193,0.0,TU
142.4263383053068,-265.6653963365879,0.0,TU
-390.3927416827382,25.032263546647172,0.0,TU
347.6594748121923,438.1569849577544,0.0,TU
289.0375245924158,267.43637787937763,0.0,TU
231.07023663495036,-474.5562284441235,0.0,TU
-189.01553111659757,4.6262612179511775,0.0,TU
343.46370838715126,279.9465507679747,0.0,TU
116.13668239525038,-99.41426514323997,0.0,TU
-376.968842220712,233.9012060186696,0.0,TU
263.8122284193539,-462.1771730969002,0.0,Mph
474.5398015914084,-142.70264515142077,0.0,Mph
-411.444034146751,350.5705656917885,0.0,Mph
362.7841237799741,0.4529176230451126,0.0,Mph
118.75806029703007,237.95316373660035,0.0,Mph
-161.59703266216806,224.2712746842297,0.0,Mph
429.7172914167754,190.09749898758878,0.0,Mph
341.8497728623104,367.8213300056826,0.0,Mph
-462.89427474728416,-256.0849779669436,0.0,Mph
-441.99888843559336,459.0965792308515,0.0,Mph
-139.96866484595333,56.120535995794306,0.0,Mph
-449.62515349078234,-2.8156563740268647,0.0,Mph
250.67549681687296,174.23898789782766,0.0,Mph
247.6588234669544,478.0098552432835,0.0,Mph
-278.4222065672813,-188.9841778206421,0.0,Mph
-144.10598422405303,272.26564645225403,0.0,Mph
-311.8860953254264,234.71743107702193,0.0,Mph
161.1692290404718,-469.5543491551203,0.0,Mph
445.4120657553138,494.4378560687717,0.0,Mph
-181.56629512973112,-209.19166885663577,0.0,Mph
-16.894575474124316,-93.36649704868549,0.0,Mph
167.0682059380867,72.81436926272572,0.0,Mph
-57.83761182405828,-366.68075736604675,0.0,Mph
-53.45993218991069,-348.54556913037925,0.0,Mph
345.350519749583,-189.58043198997171,0.0,Mph
-248.08796305055765,-201.07819092198375,0.0,Mph
190.07507097883496,358.96851181128477,0.0,Mph
137.13092507944984,-72.25761195347513,0.0,Mph
-90.32745104558515,177.81099962878278,0.0,Mph
369.4960315781219,131.46212381607353,0.0,Mph
120.95288629587891,9.586455374949121,0.0,Mph
326.8493464525396,-406.9145657964216,0.0,Mph
-349.8565385771686,451.7038779313965,0.0,Mph
-343.9493227395376,-361.1555841618539,0.0,Mph
194.8287111440577,-193.22167546540868,0.0,Mph
-23.791596273056214,79.12037090763135,0.0,Mph
-143.09043539895367,468.1762789124927,0.0,Mph
241.7965240521645,-160.8312356973735,0.0,Mph
-391.19790432222953,-294.9171972198778,0.0,Mph
124.64767500230568,259.7243931956188,0.0,Mph
320.83785508074794,-280.12073189152625,0.0,Mph
152.72211327424085,-23.75887860355519,0.0,Mph
-227.65920503096422,-193.97608432744602,0.0,Mph
-474.02664092644517,253.6970469224803,0.0,Mph
156.51267735079065,-276.97086692731875,0.0,Mph
191.55071679529223,-483.6066034041342,0.0,Mph
-213.4526603181518,-115.47083229937222,0.0,Mph
-390.36636501433486,357.8177752788812,0.0,Mph
1.31607778979409,176.2163657694208,0.0,Mph
-128.87760781405484,240.35702824217796,0.0,Mph
84.85261957762246,-385.04451562704094,0.0,Mph
-69.13776383890429,-410.5159735482155,0.0,Mph
69.18928127095919,-234.82712847581178,0.0,Mph
-343.1833032893398,155.88882340251098,0.0,Mph
425.9439912351916,-132.68486656017197,0.0,Mph
18.018688749593725,-172.58991914781524,0.0,Mph
-110.82365730877957,121.35749339929158,0.0,Mph
-462.63232082848214,485.4270989338501,0.0,Mph
317.02752800549166,-493.01396409821484,0.0,Mph
87.81323278400116,396.91795607430817,0.0,Mph
-199.554649778713,-182.62210080768594,0.0,Mph
-271.1794752461607,-44.60327940848191,0.0,Mph
126.4274893812794,-7.480599128150356,0.0,Mph
-462.87584652765275,-207.36790126499687,0.0,Mph
65.42118067440988,-279.9415827884919,0.0,Mph
-493.19108581444607,-56.55287825085992,0.0,Mph
-478.55354800002567,-298.01508047490057,0.0,Mph
318.1863528547953,-339.2585347422072,0.0,Mph
-237.85203909452812,-385.5680240854111,0.0,Mph
-81.28353433173929,-59.4262892381186,0.0,Mph
364.84981372336046,-429.4931955160584,0.0,Mph
-57.699929140414106,423.98584665629517,0.0,Mph
-322.9757655560225,-27.86776325070106,0.0,Mph
39.26359297078641,-166.0369454119102,0.0,Mph
-466.6382061895333,-346.4858968868337,0.0,Mph
455.39895552443386,143.03002582964274,0.0,Mph
299.54966255137623,29.08387936046236,0.0,Mph
-211.4382342333894,-182.7257423266368,0.0,Mph
-445.64133241387526,-92.02051741072337,0.0,Mph
405.930849916292,-364.8033246176713,0.0,Mph
-415.4612454109253,11.555334233896097,0.0,Mph
-458.67445075337446,422.47518863630205,0.0,Mph
164.0735902575343,-48.47606179949388,0.0,Mph
-61.25957126854692,14.770984305746637,0.0,Mph
-302.4704065988775,-265.9553484406512,0.0,Mph
-417.6146454230074,-411.6131796232497,0.0,Mph
151.75506243905573,236.39667265079152,0.0,Mph
-469.2927978892526,6.08991770827072,0.0,Mph
165.44354384689714,255.71820315079364,0.0,Mph
-193.56525448557414,83.10026840437274,0.0,Mph
-333.45269334210514,294.04312292734886,0.0,Mph
-245.89531631183402,-357.7529773105644,0.0,Mph
33.31399920518735,-478.4958844352207,0.0,Mph
242.67244856720905,-475.3058873714451,0.0,Mph
-156.00065305422518,-435.20023155291847,0.0,Mph
16.70899735252973,-225.19160651950398,0.0,Mph
-62.307103853760594,-448.754417554177,0.0,Mph
186.82040923334924,88.07695625143003,0.0,Mph
-16.054790241029128,-381.47443925578057,0.0,Mph
-463.90503082384816,251.60470837577154,0.0,Mph
50.40359856954263,88.5216472641987,0.0,Mph
368.0410721685427,456.1148109998,0.0,Mph
-2.6695709848442717,-438.9163017879072,0.0,Mph
446.8243245452404,281.3557716711014,0.0,Mph
112.44840286520363,-382.0465001064908,0.0,Mph
378.5752901537196,-404.9565601530452,0.0,Mph
262.46704212173375,223.81193633276249,0.0,Mph
129.07908382923915,291.597580941523,0.0,Mph
-340.6046289107744,-251.78844816929575,0.0,Mph
-317.79674100409363,491.4724608101106,0.0,Mph
28.42028535619423,-294.2167782082124,0.0,Mph
16.03175854727079,-358.0869384782153,0.0,Mph
110.63829553309202,185.99737989458092,0.0,Mph
294.5593679901183,-120.60338731401148,0.0,Mph
-490.7078609168319,351.51584998706574,0.0,Mph
-159.8090627540356,131.440350994663,0.0,Mph
47.12153320226281,51.26726905632201,0.0,Mph
-10.255459660195587,445.3333379459536,0.0,Mph
-246.5175607701024,-300.3698872251967,0.0,Mph
311.9727873806942,19.725976461345716,0.0,Mph
-283.5815439566961,-15.928381264130042,0.0,Mph
312.46123489422814,-391.9626395709438,0.0,Mph
444.34660739239916,140.10820349528552,0.0,Mph
114.55830695569952,450.6999706146166,0.0,Mph
-237.1627852751455,457.73844060916576,0.0,Mph
249.07536012557418,259.4447658255407,0.0,Mph
92.16567449409563,381.32627937807047,0.0,Mph
-339.65833265677674,193.9492644758649,0.0,Mph
424.5661239942553,-85.28018900325924,0.0,Mph
9.28535938254943,-113.45038362190412,0.0,Mph
-100.73074789658021,260.63387691203286,0.0,Mph
79.81496662638204,394.2759210041283,0.0,Mph
-487.991559696225,59.327851598126145,0.0,Mph
-311.257934206358,270.94008663810996,0.0,Mph
-482.5158114549594,9.228209521511321,0.0,Mph
-96.8694665124053,256.2954626336482,0.0,Mph
399.7893220510015,-386.545070808556,0.0,Mph
273.0494040016454,237.76326081309668,0.0,Mph
-80.03705274336531,-492.0824797416075,0.0,Mph
20.24391216415222,467.6089050854375,0.0,Mph
-436.69208218552376,340.7630149433252,0.0,Mph
-411.54376450344023,235.5414253522566,0.0,Mph
192.09709246298874,489.6309328043212,0.0,Mph
311.87112274977056,-180.23151457462777,0.0,Mph
462.76466082344746,-54.49999493148805,0.0,Mph
309.5465476355598,261.1866319834005,0.0,Mph
-242.01947011392423,-437.0518980331054,0.0,Mph
-455.6171551573357,-63.97497045988243,0.0,Mph
-454.0174381678608,454.12927733853303,0.0,Mph
476.71791237891756,354.6360058349065,0.0,Mph
352.797894888246,276.42089799238414,0.0,Mph
99.86414005561828,207.03391288390822,0.0,Mph
-356.0317107045854,-44.50158899133982,0.0,Mph
-125.0283792550766,175.23510115896397,0.0,Mph
-71.03080472153111,-452.53906389724057,0.0,Mph
-260.49569432467854,289.1645513521521,0.0,Mph
-217.75251372662962,393.0913345991066,0.0,Mph
-440.06567671682086,-478.8317374044866,0.0,Mph
409.27128995275154,300.7742531898531,0.0,Mph
-251.6141726930588,498.75687283094794,0.0,Mph
-407.00836775996504,-394.2908825542355,0.0,Mph
-446.72173268813253,65.22781827569696,0.0,Mph
-443.1881923121976,-323.20086833289986,0.0,Mph
-252.66601666794014,-251.31990248776765,0.0,Mph
79.4263459719779,486.48869021015247,0.0,Mph
-305.08928811832095,396.85871289260615,0.0,Mph
468.9939327297485,-348.8985165312619,0.0,Mph
-93.70564399188846,300.512938744345,0.0,Mph
-161.8047347170354,-51.78828305150751,0.0,Mph
320.8877022205056,453.9453002064164,0.0,Mph
-227.97309288433064,346.8706493491643,0.0,Mph
-133.32809606625224,-197.1291177478726,0.0,Mph
-364.45106789537493,-417.48477474059285,0.0,Mph
125.89422667344219,10.118116319975224,0.0,Mph
-487.0156124860319,-80.856389165054,0.0,Mph
399.24798180195654,-286.0499084858125,0.0,Mph
356.95729204181714,147.32445153125025,0.0,Mph
125.7565198382004,-384.7426936577935,0.0,Mph
-4.979870602151659,-313.80993699135297,0.0,Mph
117.73570850543858,306.08311036157284,0.0,Mph
-149.02084917345726,18.62694030709805,0.0,Mph
398.1500929838318,226.49905041498192,0.0,Mph
60.79367476676345,-163.48881162136962,0.0,Mph
310.1394085504214,-369.8981859680496,0.0,Mph
-436.7798011363064,206.38153637439683,0.0,Mph
446.05600784554065,374.19817810487154,0.0,Mph
298.4284303922455,165.31647742977103,0.0,Mph
52.27722907551213,-368.9765601264692,0.0,Mph
476.5363843110685,-148.25078551196953,0.0,Mph
287.85965266560214,-374.99349218998765,0.0,Mph
-154.88229159259353,-58.930054339885075,0.0,Mph
23.289971043270796,-425.1493682858959,0.0,Mph
-315.0035677232616,-148.40010252591946,0.0,Mph
-488.2413881004354,-63.68601801668044,0.0,Mph
-236.14048216440054,-264.88745762839926,0.0,Mph
-401.3379062631434,388.3841356750364,0.0,Mph
429.8643917511162,-273.8699547345684,0.0,Mph
96.850146392851,330.6519811434334,0.0,Mph
324.37346861832714,-374.15940056124543,0.0,Mph
-70.03227967946823,194.77458224076122,0.0,Mph
-67.26274614459227,178.82027479445566,0.0,Mph
-481.1457708362934,-419.0796007005433,0.0,Mph
-277.54130071882554,-109.94149485367456,0.0,Mph
-221.97248016335948,-375.40569068721953,0.0,Mph
-237.5988597284747,-107.22911466208079,0.0,Mph
-496.29493796692236,-468.3439633335748,0.0,Mph
-191.18229895835543,-216.05858780794722,0.0,Mph
-235.2525394961636,441.0240930038493,0.0,Mph
1.693923991319568,352.29301606667514,0.0,Mph
102.2968071458879,6.990856485682373,0.0,Mph
-94.09999083993115,237.96334868248164,0.0,Mph
-219.72411164646016,227.95796851105686,0.0,Mph
362.7060615964852,477.54927808284305,0.0,Mph
-483.929962040708,363.69864692297574,0.0,Mph
82.87450769422745,-48.123245570358186,0.0,Mph
-331.09294285591676,277.50926210264555,0.0,Mph
-486.25724107987133,142.56658759035435,0.0,Mph
339.38799176021445,254.50172274130912,0.0,Mph
186.23446945605414,88.5207205299532,0.0,Mph
-378.27633002890815,-182.10111132475802,0.0,Mph
112.37501908867875,82.70045225067952,0.0,Mph
-225.77318048652822,-438.5774501855971,0.0,Mph
213.22190285715158,-278.8823795490309,0.0,Mph
-91.32580937188611,-169.54380663134,0.0,Mph
352.5172611316664,397.6435223986113,0.0,Mph
241.2257351905588,-236.23105695744522,0.0,Mph
106.96689140052362,150.47885777933624,0.0,Mph
479.5219984357039,-458.4893745092513,0.0,Mph
109.99556344846533,358.06382023836875,0.0,Mph
409.66687614943055,86.68657837875409,0.0,Mph
381.82351626160994,175.60850981924403,0.0,Mph
-493.15842113600644,145.6362611278685,0.0,Mph
-322.1828502462837,-58.98949971851286,0.0,Mph
-444.86766739152836,-100.84998131551271,0.0,Mph
477.3187566800279,348.7306336133634,0.0,Mph
-425.9184044094666,-114.47116806972262,0.0,Mph
253.34560050314937,-287.4767466148207,0.0,Mph
427.3037813666856,434.3140852551805,0.0,Mph
-293.7075818963334,-468.9136034961916,0.0,Mph
312.92919853505856,-140.29510798718448,0.0,Mph
407.03345297563345,-474.7687185568259,0.0,Mph
-42.90538585471943,-19.34247912859577,0.0,Mph
32.92108225432733,-292.61016469547764,0.0,Mph
224.86270529605306,-50.115939088143044,0.0,Mph
193.64558683766498,-256.8263359106648,0.0,Mph
409.6152884200511,427.7429773479788,0.0,Mph
306.1045316286079,33.08436086259042,0.0,Mph
257.1916232555101,-394.93405368987146,0.0,Mph
236.90421748006935,421.08301503069157,0.0,Mph
-101.2310918194157,-429.523164853328,0.0,Mph
304.6113313846773,358.3988583496853,0.0,Mph
375.07514064925886,417.2368717313142,0.0,Mph
-431.8115004599767,104.44444635742155,0.0,Mph
452.2126711585751,12.903584095615539,0.0,Mph
-155.52085252849196,169.74695752997138,0.0,Mph
-111.26052208872322,-85.7613468935935,0.0,Mph
437.4666621753244,-201.78519622480067,0.0,Mph
-157.52798465932722,-242.68618560227523,0.0,Mph
74.75431976034808,-328.747114992471,0.0,Mph
-123.308711345337,-370.0746968487954,0.0,Mph
-228.96228993044892,-346.3067217125503,0.0,Mph
149.94287002790247,18.89148403229757,0.0,Mph
-330.26620771824304,-424.60957234705245,0.0,Mph
463.35375216954526,-128.58856801221364,0.0,Mph
295.62145287530706,26.174383404801215,0.0,Mph
-338.0280025066266,256.34403616440574,0.0,Mph
437.48852931205886,-335.2077573294783,0.0,Mph
-351.39143858298746,453.4364159095264,0.0,Mph
-74.69227338561396,415.56360835887284,0.0,Mph
207.85565457492416,-399.38591455731427,0.0,Mph
462.07397456834946,-287.21424150157225,0.0,Mph
-184.187253792367,-20.139081367693933,0.0,Mph
11.542740275885087,327.31074789852755,0.0,Mph
299.6896111305509,-83.52089066907631,0.0,Mph
430.6246925915325,-16.701503288717223,0.0,Mph
254.64449533996307,-133.83337988472132,0.0,Mph
150.11355577069318,-204.11091129411602,0.0,Mph
-498.07262106209595,190.81052208830195,0.0,Mph
452.4647584909076,-225.1950382029655,0.0,Mph
-20.00656526756217,235.27234247561134,0.0,Mph
-365.6725475926358,-136.27382394651454,0.0,Mph
367.0622718284843,394.66674117027617,0.0,Mph
-320.8099993572045,15.198707405763068,0.0,Mph
-464.1083978237972,-376.90174188427244,0.0,Mph
185.5323674017657,-9.078982803539414,0.0,Mph
223.97120858858216,-387.8273176630167,0.0,Mph
-281.5990462240806,154.9649546145832,0.0,Mph
-383.5062649903847,-108.0942869352377,0.0,Mph
-234.64113906012068,431.20217614654456,0.0,Mph
-183.9161121604782,416.020369609388,0.0,Mph
331.36121168408886,-126.0975807139591,0.0,Mph
-164.54794015737977,-30.840148126547728,0.0,Mph
421.66617744596874,-471.8168353242474,0.0,Mph
-300.10930553098467,-321.0645734321302,0.0,Mph
-397.7901248971633,-335.6517565467582,0.0,Mph
-141.69884728529692,-303.8117879419694,0.0,Mph
-64.11497365188707,417.6227738690012,0.0,Mph
-113.57454441847314,303.2288877717728,0.0,Mph
-388.3200371863115,12.404665021282902,0.0,Mph
-330.5652934128584,418.29688956547557,0.0,Mph
-214.70939342612667,32.81399766787019,0.0,Mph
-206.7485685316859,351.31355316182606,0.0,Mph
397.98662177615057,-55.293171981977366,0.0,Mph
-264.55163383021926,-231.24713700621908,0.0,Mph
-85.50542720911419,93.5865574634735,0.0,Mph
180.5498203132334,-276.88697714721906,0.0,Mph
-164.2545271689316,-12.437941007302722,0.0,Mph
136.54072516065918,306.1566924234611,0.0,Mph
-337.09968747143034,466.34095118025107,0.0,Mph
281.6918703330828,69.38794205631538,0.0,Mph
-408.3726397363408,-131.24222735823838,0.0,Mph
439.8602665301079,473.64216154488395,0.0,Mph
-293.83452573663016,276.91545793391174,0.0,Mph
229.03346953644566,332.1721457323572,0.0,Mph
274.24179287456224,11.553426393740128,0.0,Mph
354.2391265684176,54.08017611759108,0.0,Mph
-472.41772651036865,-301.0509150636749,0.0,Mph
-301.4544057123428,-115.95056088445743,0.0,Mph
221.29451166222935,418.46216495464597,0.0,Mph
443.282056315576,-82.33513125365255,0.0,Mph
429.5910997055542,199.27185718269124,0.0,Mph
-181.56435524481796,-473.1544496041937,0.0,Mph
-196.3804594623596,136.9359098526855,0.0,Mph
55.270682208367674,-375.5741839112913,0.0,Mph
379.22787365456327,122.04728624630118,0.0,Mph
-174.7425911540505,-466.48127428353973,0.0,Mph
458.762363615174,372.1518586686831,0.0,Mph
212.7155971281728,-302.5357425903834,0.0,Mph
22.197632484663497,-494.94608111993733,0.0,Mph
326.26343887520943,-393.932359792772,0.0,Mph
-161.40724885692165,-73.63690424916336,0.0,Mph
419.78335323771097,-95.93835655117839,0.0,Mph
59.81521975803516,36.38118811981356,0.0,Mph
462.7721629311117,378.9290610360501,0.0,Mph
470.95248641916453,-415.6620356426248,0.0,Mph
-3.8798241687122426,96.40095133322963,0.0,Mph
408.7491282628333,-247.92001555201205,0.0,Mph
-148.12787665839207,-111.9486166528425,0.0,Mph
-448.0141826624965,8.852222536618603,0.0,Mph
-12.485450217065598,492.9801510576749,0.0,Mph
452.54406169413215,-118.84938015311441,0.0,Mph
336.0421953030315,66.69961758874472,0.0,Mph
-29.295443855067717,499.2801242425343,0.0,Mph
304.93436749276884,-157.23831793325527,0.0,Mph
278.8211966715793,-82.767646346933,0.0,Mph
380.555294242629,470.15807661963214,0.0,Mph
-273.0122966603751,-26.670081502591756,0.0,Mph
-154.17753531615514,-338.1168675202387,0.0,Mph
-441.68414901545594,169.7865706040848,0.0,Mph
-427.410026496094,370.0179724920885,0.0,Mph
354.66192638798367,-342.9272462007459,0.0,Mph
285.1930497881134,-55.28959353432972,0.0,Mph
-485.7009243043231,450.6120114888946,0.0,Mph
-453.1271183689341,-297.0523191377126,0.0,Mph
405.03465411461383,225.3117125540845,0.0,Mph
-274.1018863960758,-90.14506530782029,0.0,Mph
-303.4611401132702,-430.465241289348,0.0,Mph
-207.03430972022124,434.88428400696296,0.0,Mph
1.964660711108901,50.11412832144213,0.0,Mph
43.51678254577712,390.74512162928596,0.0,Mph
-339.91837987886015,-54.485814651957895,0.0,Mph
-319.7769131886556,-207.10027715232172,0.0,Mph
-236.40223205636235,-168.07983249254943,0.0,Mph
-257.48990532417235,107.53573573252623,0.0,Mph
-474.97750466610205,-188.77271149777857,0.0,Mph
16.6966024329287,451.7796518486409,0.0,Mph
-12.50205642529606,-160.68497787043518,0.0,Mph
275.8896418628477,32.596401092345516,0.0,Mph
380.27905775996146,171.44604567448985,0.0,Mph
-357.83824006128845,-159.82401379381238,0.0,Mph
-240.84991900617047,493.09015580434755,0.0,Mph
-134.78084662622973,176.21551277637033,0.0,Mph
-179.59670119459076,-36.981593635477985,0.0,Mph
-475.1420250852428,-185.93005766654719,0.0,Mph
-314.8206171162287,-390.87292940763723,0.0,Mph
-344.0569381305277,168.35283444876674,0.0,Mph
-18.446644455384074,154.78467611911572,0.0,Mph
82.12053361157723,251.26481335082778,0.0,Mph
29.39800827231853,-164.42264410449482,0.0,Mph
-386.0762524037323,-130.56357221653852,0.0,Mph
-450.6934284053286,65.96491287690543,0.0,Mph
74.19268910873883,-474.7477158695809,0.0,Mph
-428.13382676204066,344.7822055259825,0.0,Mph
37.98014348245843,-126.37133437422654,0.0,Mph
-246.7221396413693,-284.7163415474273,0.0,Mph
-63.52813267883717,355.0725187982517,0.0,Mph
224.6756583647731,-311.7158967216805,0.0,Mph
161.16665590023683,153.73108651676304,0.0,Mph
2.7970779409347557,122.03172552146263,0.0,Mph
-368.3751104566137,199.64962801289292,0.0,Mph
-454.859155953888,-347.1373732179315,0.0,Mph
215.85844251330556,-128.49296892689054,0.0,Mph
4.17486875688483,119.74435728506494,0.0,Mph
63.710391679699555,-428.97872769875414,0.0,Mph
-357.4279871002046,-333.26922764884443,0.0,Mph
-214.92818455560615,-409.10600068523155,0.0,Mph
235.1244928299881,-112.52019952209969,0.0,Mph
88.56772739650125,186.732108396361,0.0,Mph
362.98438966417365,15.096007668594314,0.0,Mph
-96.96391014034023,120.26754325797351,0.0,Mph
378.3113940449726,461.06566276470517,0.0,Mph
-408.9573130233324,169.8572719180422,0.0,Mph
227.0276613047746,-385.8340531553729,0.0,Mph
294.344487168008,-46.6640601349132,0.0,Mph
-443.36719597295223,-491.020043795491,0.0,Mph
-157.12076024975246,-143.9688740857075,0.0,Mph
-281.73523690642594,265.9858672482491,0.0,Mph
-455.3062536863026,404.55160841152303,0.0,Mph
40.63955242044387,314.3726129140355,0.0,Mph
165.95314244874837,-412.804336253797,0.0,Mph
317.4571176560321,-245.30484415586972,0.0,Mph
359.11899749064213,121.91954984797022,0.0,Mph
337.3369960115809,61.969597132219725,0.0,Mph
33.514039518761365,-345.90929306252536,0.0,Mph
-340.58627521975245,350.86552037789244,0.0,Mph
214.941379062424,463.278557570919,0.0,Mph
-457.4659508851482,-437.0282815694894,0.0,Mph
-411.51415439788224,49.218774500495385,0.0,Mph
-2.0635773373019473,232.9356543481842,0.0,Mph
-38.74289872524572,194.02463502920713,0.0,Mph
46.71593342124963,45.41909053070709,0.0,Mph
-462.30626616648595,-167.03860870892362,0.0,Mph
-496.68639408008744,24.645999511902218,0.0,Mph
-339.23177453858034,-255.50238177229346,0.0,Mph
-154.8792816293103,274.06003249090924,0.0,Mph
128.8700306557593,-47.49332248865606,0.0,Mph
-79.06632285968229,-223.77111773313712,0.0,Mph
70.91441434383744,266.0787424924178,0.0,Mph
-137.84294845135014,387.3608113046708,0.0,Mph
480.00632862635933,488.8161682752361,0.0,Mph
469.29442908864826,327.153160767028,0.0,Mph
-264.34292683940987,-214.37570417067715,0.0,Mph
-479.9171906994384,442.9618352084016,0.0,Mph
-36.34115779490743,-87.27294175174826,0.0,Mph
-427.4584792798855,-219.74625628493183,0.0,Mph
-223.94567242223158,251.19926392176782,0.0,Mph
-438.423887077056,-119.13120666996502,0.0,Mph
311.75390497811105,422.2028061460329,0.0,Mph
198.0121731511731,-404.23014473857415,0.0,Mph
325.18278024772286,-374.76330440395486,0.0,Mph
61.940282647780954,-476.1506923005534,0.0,Mph
-465.28101351778633,165.69706947131868,0.0,Mph
231.8902986804614,74.54783933571696,0.0,Mph
-94.67811384033253,-11.980692562134909,0.0,Mph
-25.86044127732673,37.16543617679008,0.0,Mph
-306.07491080669513,-136.5143978379297,0.0,Mph
-308.2396792706222,88.60468991061975,0.0,Mph
-203.4320537696499,489.7253815564119,0.0,Mph
-379.46597430734073,213.27642712081985,0.0,Mph
-133.7559286769333,-497.80435575721305,0.0,Mph
-394.47544827061677,-174.49746765095549,0.0,Mph
-163.77363546924644,-134.67845909024706,0.0,Mph
306.69521403180244,137.0869287557333,0.0,Mph
381.42773894818583,-51.292280165510405,0.0,Mph
-335.0927337056038,236.89168115391112,0.0,Mph
64.70150029928395,214.77456176033778,0.0,Mph
-298.0690308482674,6.829941717646005,0.0,Mph
188.40980307398542,-273.6187139396418,0.0,Mph
-430.42751402172433,-276.70001341670746,0.0,Mph
-19.6217880202732,-332.18770542578113,0.0,Mph
-242.3890300452235,138.96100538467954,0.0,Mph
36.341077920405475,-351.42541169801626,0.0,Mph
296.6355464939962,470.62953208882385,0.0,Mph
402.84239443844615,146.4178112301302,0.0,Mph
-65.22674358868042,-34.17585742528312,0.0,Mph
-175.91344854340574,308.44289163040804,0.0,Mph
-317.5122830708048,245.57048456733105,0.0,Mph
37.636120501801926,97.91962094711687,0.0,Mph
167.73830528043487,275.1477615915648,0.0,Mph
-55.65716073877508,236.54726904968737,0.0,Mph
-166.85742423789645,-51.4164080320787,0.0,Mph
-45.29267877305087,16.587078877886906,0.0,Mph
-333.9301111198402,-388.0697018457611,0.0,Mph
-157.2730488016788,-266.75429306725675,0.0,Mph
381.69533922067984,388.4156847241443,0.0,Mph
305.32137546082237,462.0172462151273,0.0,Mph
-164.8560877071018,370.40468236637207,0.0,Mph
243.9067409037995,-106.96143524985885,0.0,Mph
-382.0063128328604,40.69515831649145,0.0,Mph
494.19493931993145,128.2091847877103,0.0,Mph
-47.83435521410634,472.1118372368934,0.0,Mph
-455.2055447890581,252.5583592353372,0.0,Mph
-307.2405041014912,-175.60981533378484,0.0,Mph
209.82737242950256,4.152420561664871,0.0,Mph
-70.16175988391305,-100.4870163956198,0.0,Mph
456.0322264381946,306.48867079468016,0.0,Mph
-171.29938560905973,94.17343664472504,0.0,Mph
329.8657661303786,170.60103619607676,0.0,Mph
-77.95925483141353,-32.11762402871044,0.0,Mph
-126.33981386967451,268.56037414337,0.0,Mph
-72.64585598289081,387.4138833273107,0.0,Mph
304.344380264659,415.29166255722566,0.0,Mph
-25.072011535905105,185.00177028751568,0.0,Mph
-31.961582095969387,-263.649566564397,0.0,Mph
-250.377637370493,228.0526997586063,0.0,Mph
479.2581375013029,341.37191981352055,0.0,Mph
-413.74047987850304,300.06196996974825,0.0,Mph
371.8684074762228,-205.61368131583023,0.0,Mph
21.78034028621001,485.5362293139098,0.0,Mph
-106.98086542039769,-71.39242506978233,0.0,Mph
-390.4872003590262,488.94799389306326,0.0,Mph
339.51858271121995,-229.38414497829646,0.0,Mph
-492.9859719751719,443.26533535258386,0.0,Mph
-241.67715152944947,90.74881413542057,0.0,Mph
-456.622809744158,60.569286924450736,0.0,Mph
-347.4826344093195,438.42929151308584,0.0,Mph
-150.263378619248,113.16541986853728,0.0,Mph
86.10916110351636,-495.05489186745854,0.0,Mph
108.83293803296911,275.6652748461506,0.0,Mph
-146.16665564169122,340.75726772116894,0.0,Mph
136.04207878898882,415.06945113832677,0.0,Mph
369.41371867558973,196.7177447184301,0.0,Mph
-402.19822345760093,167.95692255334475,0.0,Mph
-327.7969756224196,-382.74925020264976,0.0,Mph
93.40394909524925,-187.87967390198145,0.0,Mph
-100.72324082289691,-160.67615290761267,0.0,Mph
-396.422266918561,234.04203009382334,0.0,Mph
-27.26983033757535,-324.08402448977176,0.0,Mph
-6.328914242081096,308.0492810746773,0.0,Mph
-26.84859396968714,74.71595107100953,0.0,Mph
-127.61560845928271,39.34182847094891,0.0,Mph
128.37080067077466,302.7851369469651,0.0,Mph
-243.21291751303588,144.70256535220634,0.0,Mph
-341.4822093443436,-440.6624447324758,0.0,Mph
339.091292294534,-192.86616394991663,0.0,Mph
290.7541548120361,483.65958611529555,0.0,Mph
297.2369274563095,17.45292953655464,0.0,Mph
400.9601961279913,-378.296967007065,0.0,Mph
104.26377014959387,-473.95853946724856,0.0,Mph
-193.82995027939953,37.66071608370242,0.0,Mph
276.1075340273147,-138.68790666665072,0.0,Mph
410.33769170053523,301.82226225299394,0.0,Mph
-135.00249823250698,130.5333999476646,0.0,Mph
-40.85197980111438,77.8380627709877,0.0,Mph
-470.31827540312156,154.88624236202452,0.0,Mph
-287.55628346968075,-245.05961806339099,0.0,Mph
-359.39451741001284,360.954786996152,0.0,Mph
-202.01497516422995,-381.99852465977153,0.0,Mph
82.81002970508567,346.69750129918884,0.0,Mph
142.54974969149703,145.3251646826842,0.0,Mph
269.61526366824154,-133.1141431587341,0.0,Mph
-222.92481709935885,417.96203651390675,0.0,Mph
35.903772722734594,291.4346805960214,0.0,Mph
-147.17408325768903,-372.73351910352767,0.0,Mph
-198.72696283351343,260.63540344593457,0.0,Mph
341.37846236675995,295.76439867768653,0.0,Mph
-361.07778965831386,-75.39640791617575,0.0,Mph
244.12056471671528,377.26165371278233,0.0,Mph
-90.48653198900114,-228.49017981400243,0.0,Mph
330.94527735045017,-61.04271082561635,0.0,Mph
-355.9410426146446,280.13503779848645,0.0,Mph
-349.11649490656504,-405.72651520684525,0.0,Mph
108.89955755821079,314.24771504453105,0.0,Mph
116.52504926230777,-461.5880142281649,0.0,Mph
-243.97395462853245,447.3552277134328,0.0,Mph
-87.8077671655832,14.142464145489864,0.0,Mph
328.3284783114226,-186.6577031829705,0.0,Mph
75.3684965155842,-209.93479543515343,0.0,Mph
-313.81517745089394,-149.53215480442157,0.0,Mph
-89.26645226985741,233.91900656235748,0.0,Mph
-381.1593808469879,340.03051415341827,0.0,Mph
271.3506236283225,-18.12744772076369,0.0,Mph
146.36221891988595,395.78695446501393,0.0,Mph
-411.89880771751706,337.0130895630664,0.0,Mph
348.1317376502666,408.54247345982475,0.0,Mph
240.65518927914664,-143.67683087099837,0.0,Mph
1.2637749159544742,396.1253500820091,0.0,Mph
-73.42408453671307,-72.32745100348842,0.0,Mph
382.28185902855097,187.7486206608105,0.0,Mph
186.65249506144372,150.2955613904592,0.0,Mph
96.17157823751072,427.0004117481845,0.0,Mph
224.86365416189096,471.5815639266746,0.0,Mph
-112.52917275733604,438.4239991257282,0.0,Mph
400.16242970324464,-234.0327302131156,0.0,Mph
-260.04496880291714,260.71102117416194,0.0,Mph
292.4680591695239,-356.3590014792748,0.0,Mph
479.1742918154711,311.62875483656563,0.0,Mph
377.57152505807073,-276.4877930087199,0.0,Mph
169.78242278176435,476.8282254816356,0.0,Mph
-83.68376536332566,-187.520349120105,0.0,Mph
-443.64550088866474,443.1478723756999,0.0,Mph
-431.93337799410415,-287.2168786481792,0.0,Mph
-276.37372379835176,-498.07341546666925,0.0,Mph
193.78316914991606,-27.982778631003512,0.0,Mph
213.19494738471258,-214.28191890284864,0.0,Mph
-315.9956720657344,-226.05110288215712,0.0,Mph
328.9754140597071,-279.02448781474374,0.0,Mph
141.31280297574656,-9.174330836816292,0.0,Mph
263.9549139719621,442.2356567877638,0.0,Mph
-307.9219472106179,210.38010388823037,0.0,Mph
-171.2164041911884,-1.752331765529136,0.0,Mph
30.38463419812043,213.0500769904301,0.0,Mph
251.6352240502922,-407.50388849187885,0.0,Mph
-31.224677833390892,84.20397450501498,0.0,Mph
-46.63006009041587,-171.9803067917838,0.0,Mph
232.067593599366,454.3463831514529,0.0,Mph
191.75451224636953,-346.45457578404046,0.0,Mph
487.1588186022071,473.8258265405445,0.0,Mph
-490.27015201567707,-80.46850560120922,0.0,Mph
-369.7089568329328,479.50354338221723,0.0,Mph
-207.1384237949413,-291.06068540991805,0.0,Mph
-274.46933925933746,20.009820369502997,0.0,Mph
152.46731884883042,210.26884503443827,0.0,Mph
-268.66741242153887,317.21997058417617,0.0,Mph
-476.7861119175794,-213.00040525120474,0.0,Mph
-490.6641455692214,-463.81914959507367,0.0,Mph
-21.13449711796728,-137.2863478397983,0.0,Mph
398.2742770232492,97.16317693688714,0.0,Mph
-304.9907464072358,-457.3478717606073,0.0,Mph
-90.5314495579822,-475.27518597187816,0.0,Mph
-419.6854317689452,-136.4608637663684,0.0,Mph
-113.59562659110806,171.46755791835267,0.0,Mph
96.28804867342016,84.91971665062398,0.0,Mph
-82.05721979789516,164.86555357310618,0.0,Mph
100.43536784582885,-356.2889716236304,0.0,Mph
-484.76627076751,111.50632070593902,0.0,Mph
290.89563238885506,-165.45429153901304,0.0,Mph
327.4156791970018,33.20820224071747,0.0,Mph
85.75649882401109,-351.6704772594662,0.0,Mph
306.72871331562857,326.89975466680835,0.0,Mph
442.71938218115287,476.5232930799225,0.0,Mph
56.136379164454794,-472.1661178741458,0.0,Mph
-131.40713727647085,0.9363719595842923,0.0,Mph
89.76414624683338,457.43919030868517,0.0,Mph
-271.74472885431686,159.3991808752756,0.0,Mph
280.8162666421899,-266.05993010235323,0.0,Mph
-109.68403253263503,-378.7411623700595,0.0,Mph
46.60696294634925,55.80159972594589,0.0,Mph
-117.82116599984349,-477.4539544675017,0.0,Mph
36.34195550131153,-279.3407219686169,0.0,Mph
-172.60201551989212,2.3999124086853674,0.0,Mph
-252.2884839464003,-314.04173828571777,0.0,Mph
-337.57192722192417,94.88177907300543,0.0,Mph
156.73764496705078,-419.814693784496,0.0,Mph
-391.9582548396014,-219.38111032581486,0.0,Mph
-54.71520241798966,23.31795023079519,0.0,Mph
337.661763403583,-118.46393075559114,0.0,Mph
-117.46459651457164,74.14126894795797,0.0,Mph
-168.03919387111904,290.38054597612654,0.0,Mph
169.3198473432342,105.73516002487327,0.0,Mph
18.284906181479098,373.38522230971455,0.0,Mph
-290.5926713660568,-10.719933311556629,0.0,Mph
-83.94634590250666,86.22591993823269,0.0,Mph
269.7532869921477,-210.6699083055242,0.0,Mph
310.5626495454145,278.75913233363764,0.0,Mph
145.75692917217668,266.25743487826,0.0,Mph
161.9248153729224,485.609394980391,0.0,Mph
258.400297345312,268.2147729491789,0.0,Mph
-270.5151445314057,-465.9513422103017,0.0,Mph
93.27895609780784,-250.04616789111662,0.0,Mph
443.79449535942916,-340.7675001042354,0.0,Mph
329.5649563115803,246.65010811947957,0.0,Mph
-91.34740635569139,254.9462878654359,0.0,Mph
-428.1870491074012,196.37509176935498,0.0,Mph
154.21054441434,-282.72174978267134,0.0,Mph
215.35831080400519,-450.59456097730083,0.0,Mph
-10.170415533800492,-17.775938774527546,0.0,Mph
128.70561509835272,178.0834826572215,0.0,Mph
-82.13183186031198,-406.20124201565767,0.0,Mph
8.782727851983473,-228.9547034823577,0.0,Mph
-317.2265698778015,-41.90421674358213,0.0,Mph
222.98263520220286,303.6781917388719,0.0,Mph
31.913017354856798,115.57017100492384,0.0,Mph
274.3598027915247,22.926009187350772,0.0,Mph
-182.7030654507784,133.27506022714348,0.0,Mph
-92.06501154059244,-60.77831475913453,0.0,Mph
458.6515727320253,38.83293088917677,0.0,Mph
-466.73639597377894,418.1846465050432,0.0,Mph
-173.2475315884125,-131.22815149244516,0.0,Mph
-145.50168170014078,-195.66641823309632,0.0,Mph
-427.70807731559,189.08590722646562,0.0,Mph
-113.5631827959328,-193.79083371841654,0.0,Mph
392.25506783877654,-446.6708209138041,0.0,Mph
-9.615851728380086,495.28260637836735,0.0,Mph
180.5472215036678,-328.88920361908924,0.0,Mph
-117.47428141669636,77.72614607822864,0.0,Mph
235.62535831176407,45.96896796041883,0.0,Mph
-347.3360018220997,308.35616538356743,0.0,Mph
-265.5993971207557,-118.65708044737578,0.0,Mph
132.76780280688106,356.124445922007,0.0,Mph
185.40209877242376,-112.99338283074623,0.0,Mph
60.50785837432443,-275.87544146977564,0.0,Mph
-247.4760668524958,-373.78731802705516,0.0,Mph
-233.49572695090743,-128.67099409476612,0.0,Mph
64.59195890437475,-279.1382622019579,0.0,Mph
273.868722162137,457.6259420153792,0.0,Mph
230.33187235535192,187.42613639840226,0.0,Mph
234.50721527639396,-26.336665914848567,0.0,Mph
-291.27584819230015,-429.6801123764107,0.0,Mph
-405.6444269730199,401.46492068713815,0.0,Mph
-45.449450737273914,-31.937891930944208,0.0,Mph
-202.32770895233327,113.38477667538326,0.0,Mph
-72.6164345381719,466.7621563583153,0.0,Mph
-157.34448693566327,484.33145657336877,0.0,Mph
102.1323791665027,-147.68850192030803,0.0,Mph
4.779093074034291,117.51439355906685,0.0,Mph
-228.44727749121395,277.50454323742565,0.0,Mph
-93.34949243858637,236.2301644269738,0.0,Mph
189.07740928037086,-114.20922841596793,0.0,Mph
-163.03525116356167,244.6361129488041,0.0,Mph
8.892570631241714,241.4766816083328,0.0,Mph
-226.96648087149518,248.62274009478165,0.0,Mph
-90.74356242934934,71.78873172429762,0.0,Mph
-375.91319421312664,306.4276807826594,0.0,Mph
322.54872282132663,-321.97115266795515,0.0,Mph
-259.87124321863365,-224.74098259271403,0.0,Mph
-295.3276133043205,-180.73916704713778,0.0,Mph
386.40224643087026,304.452430515019,0.0,Mph
-221.89742048986437,448.00776148081115,0.0,Mph
44.99277817481035,486.12990087085535,0.0,Mph
-226.56816573924982,470.6097643728287,0.0,Mph
-394.7191994077275,286.6114787781218,0.0,Mph
-245.2392036040336,381.5096989078337,0.0,Mph
473.4336987479824,113.23234583869746,0.0,Mph
-370.83044435904435,237.3638926352417,0.0,Mph
488.57266640020293,-206.4960300964438,0.0,Mph
94.66687674853524,278.4453191365472,0.0,Mph
232.26923176220959,-110.83192154369415,0.0,Mph
-495.2328660307882,-94.09208458397278,0.0,Mph
478.2638745390045,-362.0043960807769,0.0,Mph
-81.82092066396184,-136.12376818523563,0.0,Mph
-47.466004782809044,496.4072311277693,0.0,Mph
39.39103550195716,124.44919259659598,0.0,Mph
-164.05173792091088,-91.973708923692,0.0,Mph
27.919110438237194,-395.29606432520643,0.0,Mph
-379.38187535093874,284.1041703937454,0.0,Mph
-439.6617124348599,-202.76057760176798,0.0,Mph
-497.7601141321894,177.56660765789533,0.0,Mph
354.56192040761454,370.8044169716692,0.0,Mph
314.4302926722511,-438.2428065436828,0.0,Mph
-454.32778067017983,-447.3338121570068,0.0,Mph
399.0914947874214,197.97054790698704,0.0,Mph
402.8819162715035,156.25272849260125,0.0,Mph
129.49922726404984,326.34451967046283,0.0,Mph
486.87410705898026,299.49504531551327,0.0,Mph
17.37107296116347,199.32964375920602,0.0,Mph
-197.82341059835622,-481.48797118224286,0.0,Mph
-64.067520125262,-139.53013858996826,0.0,Mph
349.49255408724275,265.5723162823319,0.0,Mph
-492.50487391472313,142.86571428289062,0.0,Mph
-262.14299168737557,154.84028217572794,0.0,Mph
-361.89761508739275,-399.37457447600036,0.0,Mph
391.22081760009667,321.5893084349479,0.0,Mph
258.0254111708964,336.1126902735875,0.0,Mph
327.2924000957301,126.75309446250732,0.0,Mph
102.31273627950993,-382.19960128128713,0.0,Mph
-276.4734467889462,-298.369431389954,0.0,Mph
127.4409782055918,-309.2984807505507,0.0,Mph
460.92274977389246,428.0651101765229,0.0,Mph
290.10948184527024,-236.76982344944525,0.0,Mph
-462.66486843729916,86.56271958257788,0.0,Mph
278.9743707172402,19.46685364468559,0.0,Mph
-179.0426509466891,-35.0983057038568,0.0,Mph
339.5345494884843,-214.67139168538725,0.0,Mph
46.74618079199489,119.36440595557252,0.0,Mph
266.1993436134565,-498.84810933060675,0.0,Mph
-481.6013204857083,-39.881712725535536,0.0,Mph
136.6919590568893,-466.7509383512174,0.0,Mph
-481.97671269414354,-381.1162810220964,0.0,Mph
-382.6759969598269,-394.85600460527456,0.0,Mph
4.602833695321495,56.61032496672463,0.0,Mph
479.96828589944215,4.792820072197279,0.0,Mph
38.74364506787475,-94.67386181492931,0.0,Mph
457.8456750258188,199.41830741987786,0.0,Mph
325.9868569614803,395.20762515960513,0.0,Mph
-250.34831389765495,-415.5422036782976,0.0,Mph
-132.73661249882446,472.1330798277754,0.0,Mph
409.71904089663406,175.3511637153637,0.0,Mph
328.6965197473316,32.18744175751981,0.0,Mph
-444.0889551891913,287.184862119507,0.0,Mph
261.987101342857,12.991146862890158,0.0,Mph
94.84818242506415,38.93503215318317,0.0,Mph
326.7159620871811,336.3243697161856,0.0,Mph
-245.97019130467834,-203.0062680941096,0.0,Mph
-257.1632394549294,377.72690466262895,0.0,Mph
399.3522869213195,272.78717337272263,0.0,Mph
-73.04534988654304,-296.47713646370164,0.0,Mph
-93.58930449424513,-486.0782547673749,0.0,Mph
373.88263857001607,9.939954348640201,0.0,Mph
210.0672770915502,-347.3038058133642,0.0,Mph
-344.43324221277805,-349.68943286661056,0.0,Mph
391.4923247880146,281.3850354007658,0.0,Mph
414.7233198808322,-93.45476741353865,0.0,Mph
175.76402079844016,492.9808422007087,0.0,Mph
323.00514547334944,336.8753231294294,0.0,Mph
328.4466173273423,14.400685284666759,0.0,Mph
352.4120826953581,157.6402565519613,0.0,Mph
-174.71255634689402,-268.6788746134386,0.0,Mph
-330.0013022872997,70.37168169557661,0.0,Mph
-204.7481391727759,378.3012491469273,0.0,Mph
-430.36427969404235,53.61790088476176,0.0,Mph
248.18218623315352,155.35176177912047,0.0,Mph
387.08575001146454,336.4752001231843,0.0,Mph
-159.6920584168426,-38.646746575232925,0.0,Mph
437.59360672936447,280.9490515007132,0.0,Mph
-148.07723413192898,-210.03133478972353,0.0,Mph
-49.376484340844186,76.81576019663333,0.0,Mph
-234.1132020463162,-383.34891191674126,0.0,Mph
-229.00731215797293,-463.00370880162535,0.0,Mph
-138.58030692209738,-194.39755948070132,0.0,Mph
124.94659743368236,350.74895028289177,0.0,Mph
-260.9078506916278,-258.8703285522311,0.0,Mph
50.77830171458941,-102.45801625799989,0.0,Mph
-469.54065244351006,254.88842235175625,0.0,Mph
-425.64441964875743,379.3369423433905,0.0,Mph
-212.67763716434186,-48.6271079277662,0.0,Mph
-408.56364108507245,-148.92500564305138,0.0,Mph
215.80775868617457,-236.7105653167228,0.0,Mph
474.4408124497319,449.1398537718975,0.0,Mph
85.91727845845809,96.46721814639764,0.0,Mph
398.9656837556578,-446.6032942754209,0.0,Mph
-224.72959659187057,-34.85387323448058,0.0,Mph
384.0162271270412,108.62328624044021,0.0,Mph
-406.81801190091534,250.616363339204,0.0,Mph
-42.05504965484286,237.89840749730052,0.0,Mph
102.2231835328315,113.27692426314562,0.0,Mph
387.98695437494405,-63.26345702453784,0.0,Mph
74.16959035985654,314.16818264932687,0.0,Mph
-205.42158874045487,148.42601713999255,0.0,Mph
57.057378593389274,153.3343151565582,0.0,Mph
-186.23347391283662,162.2893295826396,0.0,Mph
-493.40534089937785,75.17293736588326,0.0,Mph
64.54817492981668,135.84730808462965,0.0,Mph
491.62880548078493,438.2146374212175,0.0,Mph
-329.79841352940747,-37.82234032867482,0.0,Mph
-481.03768901861156,-437.4409837210721,0.0,Mph
-462.1188504070665,-421.9424828328161,0.0,Mph
467.82756470477227,-149.07148557407012,0.0,Mph
-407.25398406526574,-183.00769379593794,0.0,Mph
-43.71634874682123,-252.03747342004417,0.0,Mph
386.69611231438614,19.0768029676886,0.0,Mph
-264.78154682416863,20.250343240959758,0.0,Mph
277.2903357678122,-305.25308702090956,0.0,Mph
-367.05349044056334,-484.621065229019,0.0,Mph
-335.978070247456,190.2879706890535,0.0,Mph
273.2971317486223,497.92821458908116,0.0,Mph
-459.7148002792038,359.75082752388295,0.0,Mph
161.27961831663418,72.78387932625058,0.0,Mph
447.0273063510723,272.1269546754315,0.0,Mph
236.60751495905254,-186.18314911430133,0.0,Mph
370.1523953779909,-484.50648175149996,0.0,Mph
492.7186921848301,155.98577121621037,0.0,Mph
444.5481213581198,-43.33928057541536,0.0,Mph
-457.4079878824904,-131.0819552043997,0.0,Mph
-6.8021977253341355,36.69200832600428,0.0,Mph
-104.86949696928293,435.0239983031959,0.0,Mph
357.83688842766975,383.0399995591106,0.0,Mph
374.2794928353384,-24.88359829428777,0.0,Mph
442.6414145484502,466.2252105403216,0.0,Mph
-51.717583324381145,197.08522729175309,0.0,Mph
478.1295990136906,392.8134021439989,0.0,Mph
248.01494712677214,199.92934756860774,0.0,Mph
261.8471661223441,-29.98963609575822,0.0,Mph
305.76579730738695,433.7020566122838,0.0,Mph
-91.78145405995436,208.31592505970576,0.0,Mph
-283.3337268750823,-153.8747583039101,0.0,Mph
-128.50311611121612,249.28460848177764,0.0,Mph
360.7385413670085,234.14428383643394,0.0,Mph
492.51692250297987,-385.656816612507,0.0,Mph
-266.1755632585695,-171.04750287971288,0.0,Mph
-70.34771193037315,240.9721396963604,0.0,Mph
389.6681326597435,491.2743807697997,0.0,Mph
366.93199199699103,-409.5693188758161,0.0,Mph
-467.9870423553621,-198.26961378224206,0.0,Mph
44.508062366948096,383.9687758090056,0.0,Mph
-256.98325626132277,-195.4167746336109,0.0,Mph
-267.9679965645356,-126.00736683952624,0.0,Mph
444.6070067120954,184.66508440982238,0.0,Mph
-166.38185766783968,327.974355419196,0.0,Mph
-95.37413185290139,-301.31646064281745,0.0,Mph
349.62136762273695,-266.11742383834894,0.0,Mph
-393.4950416924126,440.6247641613028,0.0,Mph
-109.21912249434018,-185.55583188829405,0.0,Mph
-339.0362561609583,-108.57766674553248,0.0,Mph
-165.10761258001372,-68.55159403716432,0.0,Mph
-324.3609400774528,249.27243916564663,0.0,Mph
-85.3772754980982,92.78730137252388,0.0,Mph
-262.3537705911329,358.3568048009634,0.0,Mph
172.72319290275672,-477.1156787382108,0.0,Mph
403.58988510124556,-96.37175360618421,0.0,Mph
101.8243205616387,-497.25255211027934,0.0,Mph
-457.1043948404059,-271.8507098224587,0.0,Mph
204.32884110491807,275.2462347329589,0.0,Mph
466.3149828696798,-94.99825460114225,0.0,Mph
177.2839105580754,457.75836435834833,0.0,Mph
-465.3628972726986,-484.6650626758302,0.0,Mph
-270.71723830492243,30.987517994759685,0.0,Mph
445.52530846526736,-402.9528235094509,0.0,Mph
228.64989899844895,-52.791356452214,0.0,Mph
263.4014594279683,-219.91036891662213,0.0,Mph
-361.8731927038928,285.3220912725224,0.0,Mph
463.113725102915,229.36441210012043,0.0,Mph
429.71129543065217,-236.0389173400066,0.0,Mph
-132.57450110850533,239.85008126677286,0.0,Mph
-439.7816188063906,-222.30279961805044,0.0,Mph
-43.66368627923456,-227.80126875083107,0.0,Mph
-105.34395851515072,-144.96854683118892,0.0,Mph
-482.7290892199017,-470.1741888350959,0.0,Mph
-145.1487415220172,-335.993935701163,0.0,Mph
250.62023871267664,295.0466997440039,0.0,Mph
8.46467621276753,-167.62391785016555,0.0,Mph
196.7240766118179,253.8419123175422,0.0,Mph
-226.00414399354057,-405.20097042949163,0.0,Mph
208.86809725578132,-87.41845773310558,0.0,Mph
115.18741118301202,-399.0854013089226,0.0,Mph
-296.9271823529004,417.7696396207127,0.0,Mph
234.16215368427757,-252.01900381437864,0.0,Mph
-142.2804198808013,-61.61733400490199,0.0,Mph
337.89548181399255,62.04843805484117,0.0,Mph
192.16951397926385,-387.10777908317937,0.0,Mph
-343.1166400482238,409.4164496070589,0.0,Mph
209.91939117753833,-218.68064578130736,0.0,Mph
-342.2163447907994,46.42973647176063,0.0,Mph
268.69192121968405,3.865133670174492,0.0,Mph
38.45531936766733,357.7420898871947,0.0,Mph
-16.327517297101302,128.78386282475844,0.0,Mph
-196.06392749339412,390.38661744359473,0.0,Mph
-369.3310267809126,-460.514758026901,0.0,Mph
467.8999157646457,63.795619643688575,0.0,Mph
-280.6377574281061,35.82530711574233,0.0,Mph
-183.43419714311472,-242.68644758459712,0.0,Mph
68.77605573756983,-24.59449511601103,0.0,Mph
285.6757828534727,391.9561902936168,0.0,Mph
-444.5210588450806,-304.1545140517798,0.0,Mph
-438.7727712797365,192.42813124652673,0.0,Mph
205.6613484116348,-499.90257206690075,0.0,Mph
21.174873738207147,-272.2860457444171,0.0,Mph
-129.54910269105562,495.23583617362834,0.0,Mph
396.67241393048795,-333.8780125992678,0.0,Mph
-118.73445361137286,379.1528567566466,0.0,Mph
341.48079677103243,249.8351218645267,0.0,Mph
92.7901183917777,128.93212682242245,0.0,Mph
33.77742172784354,492.19065630930163,0.0,Mph
-255.75977873143685,-96.37600520635614,0.0,Mph
-41.862066554454955,-49.96845328430977,0.0,Mph
-243.75113931013993,322.7209165917482,0.0,Mph
-304.54082751050674,-191.9374767171388,0.0,Mph
267.3297833745425,79.29900291902115,0.0,Mph
-71.65501813780534,177.5473831815949,0.0,Mph
-41.99475069457947,-235.8835755749118,0.0,Mph
-118.16300880472896,8.431435041052204,0.0,Mph
50.00904501216114,-14.519951104609685,0.0,Mph
-466.5470365549271,307.2106491115147,0.0,Mph
-21.611575708889497,38.4247309306171,0.0,Mph
191.86108735972724,122.46952284682816,0.0,Mph
297.68668327444675,112.98919232759175,0.0,Mph
296.4260024461108,151.74210427578038,0.0,Mph
232.9358644538377,93.20270703405554,0.0,Mph
-34.972005069315635,291.5032415022756,0.0,Mph
-451.67050685339734,108.34212199450133,0.0,Mph
-28.58982726513326,-284.52328744683706,0.0,Mph
-95.64658710105361,320.17367314886855,0.0,Mph
133.32982919410057,-455.5678850650417,0.0,Mph
13.742597414685475,134.67293953055216,0.0,Mph
-355.75645015590925,349.46383047260844,0.0,Mph
-469.1825075951297,352.39214672386345,0.0,Mph
251.96450386212211,-123.73386475066872,0.0,Mph
220.75934825543254,-224.68293581257532,0.0,Mph
23.674988663419715,290.9718207528915,0.0,Mph
374.64518027462515,475.74971961367623,0.0,Mph
261.8491931356545,58.8382563226495,0.0,Mph
-5.28356138722147,-211.84508933024853,0.0,Mph
-489.5766198757443,141.95869983221533,0.0,Mph
409.05489237208377,-101.10754372948666,0.0,Mph
-217.0381970984598,244.10967959961926,0.0,Mph
-66.99934060283536,454.0769716137515,0.0,Mph
263.2578082608151,-430.35101627107497,0.0,Mph
432.9207377099711,-496.362309796814,0.0,Mph
73.80340957879433,414.95901549347934,0.0,Mph
-458.6809925326383,51.77178597639198,0.0,Mph
-219.32934220355182,496.9988667068356,0.0,Mph
-77.93018379353856,404.00737453139175,0.0,Mph
16.593815112500742,-98.34321706343069,0.0,Mph
-391.49417863286794,400.0791183323982,0.0,Mph
-286.91203459447013,318.320517679364,0.0,Mph
-116.92418454273884,0.277092292626957,0.0,Mph
-187.58819915655124,203.54248640769245,0.0,Mph
-468.07349329926507,-460.15013528637405,0.0,Mph
-348.0729624692706,-358.16551362834764,0.0,Mph
-348.8174114163321,-162.91779742249946,0.0,Mph
312.74841855835206,494.77405964743855,0.0,Mph
326.9191949083131,301.8009601106188,0.0,Mph
496.6949393695341,-81.14041215701184,0.0,Mph
-10.81966247258187,378.6527976674377,0.0,Mph
-25.300693560902367,-113.51591714113435,0.0,Mph
488.1156283504872,28.821347798696717,0.0,Mph
-262.58789496711205,-16.566731096605448,0.0,Mph
352.95333466332914,136.333995134072,0.0,Mph
-197.52026784074923,-113.84331296479921,0.0,Mph
322.10274092034615,-190.66790856114213,0.0,Mph
-199.1888378297153,443.5709993470719,0.0,Mph
421.5549782882013,430.8285777485241,0.0,Mph
93.40042052251779,-339.6793949608233,0.0,Mph
-421.0193918027606,-414.97895947765926,0.0,Mph
6.702407125995514,-470.9106344823634,0.0,Mph
233.29643671780974,-74.79882807377919,0.0,Mph
-460.13559880076934,182.52532705276542,0.0,Mph
-311.41461848058975,422.39518014478085,0.0,Mph
366.94048663687096,158.89270429343193,0.0,Mph
-441.4762279237486,345.99626102837215,0.0,Mph
241.40874717520555,161.05629798456906,0.0,Mph
-467.5220981953653,-305.717118369737,0.0,Mph
307.52558276428243,-297.7513002864039,0.0,Mph
398.7996747448943,350.32891444392703,0.0,Mph
257.13574772127555,-228.77270368670605,0.0,Mph
219.06117354043158,283.10241175357265,0.0,Mph
-97.08103870725482,433.2075647624121,0.0,Mph
-84.77899718506777,-184.44231118700282,0.0,Mph
-449.1295418374122,-370.4088289660576,0.0,Mph
-306.8532409247884,254.28896093435753,0.0,Mph
-476.7867687061487,303.0167262601892,0.0,Mph
-361.1521646647693,-426.77511397915833,0.0,Mph
-249.29314369560606,276.354785083349,0.0,Mph
-203.79916691609063,29.03166944554564,0.0,Mph
-182.1841470500401,-331.4015431878679,0.0,Mph
239.35110042539276,146.00705022036703,0.0,Mph
-232.58684832831915,28.473974349224108,0.0,Mph
-3.244760693498605,-181.96944170202144,0.0,Mph
398.78277626726094,-263.718042464614,0.0,Mph
-455.62257787714987,131.75572532445244,0.0,Mph
-267.4090824715721,-207.89445078862656,0.0,Mph
-373.04673109711337,-321.8168940598103,0.0,Mph
-245.56926784791344,50.96595339028504,0.0,Mph
-459.36187466691524,-460.00041737482746,0.0,Mph
399.0232914184102,133.60363837828453,0.0,Mph
77.07802481267073,436.9536193925835,0.0,Mph
83.48693683627701,-231.6644507731365,0.0,Mph
-471.13058682928056,103.19337112409038,0.0,Mph
103.94402763157224,55.60828750110769,0.0,Mph
-354.1794680193306,-57.14734057119175,0.0,Mph
-373.4518276777616,170.6546202449467,0.0,Mph
-132.29551738436456,391.9584644232742,0.0,Mph
-281.78917138827444,-135.00124056059764,0.0,Mph
273.15478568964954,-499.9624134165883,0.0,Mph
-402.75155562993166,-231.61481870451445,0.0,Mph
-441.8887291042933,214.17514190657533,0.0,Mph
-203.62320863103528,282.69258004959795,0.0,Mph
-230.25457995408937,448.66948278438434,0.0,Mph
-404.6229183767413,-97.59690713796276,0.0,Mph
387.09524585716235,364.5516417974381,0.0,Mph
-122.4058656420678,150.54359023260682,0.0,Mph
347.44354290364004,-272.12485724781925,0.0,Mph
308.17816179951245,-98.88381380875921,0.0,Mph
-152.5545951060411,-457.4075745956139,0.0,Mph
1.823351392338135,-380.72379106356055,0.0,Mph
115.99249249184417,-88.61809888617672,0.0,Mph
142.63183097076643,-426.17505834191707,0.0,Mph
149.34199190706715,204.53801728304776,0.0,Mph
209.30259283595754,294.53007676264565,0.0,Mph
-49.69138947543006,-0.15486595750296983,0.0,Mph
-180.84540565012648,-200.87260271248925,0.0,Mph
461.06021798060897,239.66263888575773,0.0,Mph
379.54548069801353,-461.3474919771836,0.0,Mph
128.5409109256841,-169.82592250847773,0.0,Mph
-458.8978130553399,-235.7912980471163,0.0,Mph
47.83179320942082,228.40816310315992,0.0,Mph
454.7385541839453,-332.52405619128,0.0,Mph
53.50533630221044,275.89503178974786,0.0,Mph
315.9910464916531,-275.38286318607646,0.0,Mph
113.23030187902744,-489.84587321791423,0.0,Mph
-16.59824305273494,-49.476150843267455,0.0,Mph
322.96709240046914,125.27302946556412,0.0,Mph
-399.3065079617255,99.91046017068206,0.0,Mph
183.00669592007557,-65.89333431705514,0.0,Mph
284.36397082407996,217.4795531756084,0.0,Mph
-442.9413687858722,56.73025076238453,0.0,Mph
-186.40499460160277,-356.47940777976305,0.0,Mph
34.262993798494065,-396.2935800167843,0.0,Mph
148.85992402925845,-129.02194701835774,0.0,Mph
226.1870885116503,401.2741516972898,0.0,Mph
470.71283590893984,-288.229928229617,0.0,Mph
22.738975653018468,-360.9619849644667,0.0,Mph
88.43160604695782,-78.97318621088407,0.0,Mph
425.45316107549985,11.997972900036514,0.0,Mph
-294.05578522780115,281.8588397738089,0.0,Mph
-437.2221941030798,162.88405982168425,0.0,Mph
-229.67318566367067,-83.93945054142316,0.0,Mph
16.642774631728475,-157.04522761678902,0.0,Mph
343.80255049689663,255.91388033127726,0.0,Mph
-427.2114801638091,-138.43525848257832,0.0,Mph
-20.533186873305798,162.52576180479377,0.0,Mph
97.91252442757886,466.977065897619,0.0,Mph
466.50743656521024,-394.8497151577574,0.0,Mph
131.41151310619438,-411.091452908367,0.0,Mph
-119.06103571387477,7.314269602535006,0.0,Mph
-164.69366099329818,19.56612724192969,0.0,Mph
203.16373652336267,185.46171255453248,0.0,Mph
-218.0246103109455,294.66918897527387,0.0,Mph
-118.76152092403441,-245.74565112976126,0.0,Mph
167.33250499227242,75.59145966862712,0.0,Mph
268.8853888973048,277.7536761635228,0.0,Mph
333.7741361671686,272.43664214286764,0.0,Mph
-441.9380559929409,466.8082596151836,0.0,Mph
-233.55184615713497,-88.80990972760111,0.0,Mph
-446.2130887680197,-262.74461510465875,0.0,Mph
372.0930536157966,-304.2561712626733,0.0,Mph
-468.893815229395,286.3352915955605,0.0,Mph
-2.200804501893139,236.13173039760764,0.0,Mph
236.33236468242237,261.02420808562925,0.0,Mph
195.71801011142782,-103.94293595968773,0.0,Mph
-496.6837504410445,-244.76977104707714,0.0,Mph
404.5092711333487,-351.34951640861595,0.0,Mph
-229.91121545458947,432.70794089422185,0.0,Mph
-190.93587611725022,-292.2349658223065,0.0,Mph
-17.734792670833276,-179.98076244157772,0.0,Mph
283.4752378194051,-378.79191635952867,0.0,Mph
-420.5138188787059,-177.00247159062133,0.0,Mph
181.30847579273103,60.7213078641875,0.0,Mph
-36.99444210095254,46.44985724705969,0.0,Mph
-482.34277822342085,-437.9669627226624,0.0,Mph
389.23416995759254,278.3478354104266,0.0,Mph
-378.3899034892687,-285.99134267200634,0.0,Mph
-140.66929302281838,-345.06567396844605,0.0,Mph
-246.88474568633077,235.96896427822932,0.0,Mph
271.0849552228574,389.2676855017027,0.0,Mph
-23.22440864288078,198.98018822255742,0.0,Mph
-412.70721878690534,-468.5273167828877,0.0,Mph
415.0584556540613,-118.08599124143865,0.0,Mph
-444.36386427585734,454.2620152502562,0.0,Mph
-453.7878519816332,102.85214748828491,0.0,Mph
-472.3545254127061,225.9293325671202,0.0,Mph
-239.35084094517507,392.6473333613366,0.0,Mph
-487.9159448913536,-282.8639556721462,0.0,Mph
151.09551346402594,126.35392985456245,0.0,Mph
-304.2858621530082,210.614866842748,0.0,Mph
-219.80861500443243,-25.181499496697903,0.0,Mph
-498.66030581988525,287.68503241285845,0.0,Mph
428.0747862979707,-224.83083155646128,0.0,Mph
-156.1159198103676,-335.506237422435,0.0,Mph
465.9612178427935,-497.0309916915552,0.0,Mph
315.86808841170546,-389.25714742627866,0.0,Mph
-497.5910603124694,468.22321140587866,0.0,Mph
483.8771616865607,248.873408478188,0.0,Mph
-65.52787171083374,-490.29606190239366,0.0,Mph
162.44330324060934,-22.863307381136345,0.0,Mph
-41.79111100017785,-75.98126293910757,0.0,Mph
357.24807639217477,-54.40369511503279,0.0,Mph
-250.51028600781257,-151.38679617834623,0.0,Mph
195.05660671696657,-345.25331600556797,0.0,Mph
48.44608058208405,25.82089861137832,0.0,Mph
10.124689895046057,-219.59608284133347,0.0,Mph
-93.55421145862653,-477.9058715871872,0.0,Mph
190.7638473301556,-463.8855492034096,0.0,Mph
105.97954512898677,-88.27709612142026,0.0,Mph
-404.05517330717174,90.40531751881764,0.0,Mph
-17.887345357003927,160.18098524615309,0.0,Mph
-129.3093856552381,118.12348385755733,0.0,Mph
-207.74104334980166,-192.92768836086805,0.0,Mph
-146.76397708397482,184.2883469190688,0.0,Mph
-18.09239876646257,96.85797113978018,0.0,Mph
-121.20795627243191,-441.92863179997966,0.0,Mph
-452.9939531294575,98.7904721752385,0.0,Mph
-93.4676725208382,-373.22987961088876,0.0,Mph
-172.3365705062739,271.5062550071728,0.0,Mph
-375.85852073924167,-172.5103333052333,0.0,Mph
281.2244706357094,40.0206620457203,0.0,Mph
-257.62768205628845,-28.998786236354213,0.0,Mph
-180.61136761714315,428.7765635499566,0.0,Mph
327.261134505471,215.99379621257864,0.0,Mph
-206.65628070055513,44.14124929245822,0.0,Mph
264.62777047537503,-36.615752138616955,0.0,Mph
-436.5796436914132,20.386637170685727,0.0,Mph
125.68700364520691,308.419188392121,0.0,Mph
229.61869568204546,-22.752118895148055,0.0,Mph
-215.1963090080377,439.6632495079118,0.0,Mph
248.11758693497555,-161.17754670308815,0.0,Mph
-281.96222896048164,483.50799439948645,0.0,Mph
334.97459050154004,122.54845876431808,0.0,Mph
-134.71924537404584,-221.96682485155628,0.0,Mph
-402.96468307973277,150.31027992782103,0.0,Mph
-341.3492523879184,197.4268372018392,0.0,Mph
-46.59439298615642,-413.3431518357257,0.0,Mph
423.35036167520053,10.820897304117839,0.0,Mph
-337.39821480077796,-122.90192813893297,0.0,Mph
-84.81204651578622,-112.24025061636416,0.0,Mph
364.72199416327487,171.23627811791442,0.0,Mph
407.8108855201933,41.10079474096684,0.0,Mph
-186.2118480875035,-19.659743834236632,0.0,Mph
-483.13812594869796,-493.43842347086024,0.0,Mph
197.56244238728365,48.52706549168884,0.0,Mph
148.05856530595446,-151.0244327446701,0.0,Mph
119.51281840183458,296.0536067355214,0.0,Mph
439.88346895478264,312.604160871465,0.0,Mph
-240.39070897455667,-359.84479802267725,0.0,Mph
-417.92566058997716,-277.2276139333196,0.0,Mph
-54.240628783207846,-375.0774118974609,0.0,Mph
204.6714819144723,-316.85487171155546,0.0,Mph
-13.142386168803533,379.2776142333955,0.0,Mph
-495.93727234115545,245.52241088618865,0.0,Mph
77.77004575024365,-473.39488836257954,0.0,Mph
-407.7934902578843,-0.126227245281052,0.0,Mph
-451.45948661652693,-261.9558383521986,0.0,Mph
162.30862115573868,447.93346957893397,0.0,Mph
-365.480854080558,-24.075394586600463,0.0,Mph
-333.32373284963876,-187.1685314800981,0.0,Mph
21.672809963662885,189.95477241206015,0.0,Mph
326.0569893118741,90.13576800918804,0.0,Mph
-201.4998795268011,-341.9901662800947,0.0,Mph
-300.88222105523465,-100.59207108332585,0.0,Mph
-116.06430105155296,286.2827269488444,0.0,Mph
24.64010072387246,-290.5739574866302,0.0,Mph
-241.65911077612668,-245.89699003132841,0.0,Mph
72.76976566132315,-244.58998077351814,0.0,Mph
-413.446616912795,174.24767412300147,0.0,Mph
422.6675610113212,249.17594565523027,0.0,Mph
70.28956433154116,15.241630155694018,0.0,Mph
-435.6786706161039,-282.61319058541534,0.0,Mph
377.26976634769375,434.52355123840846,0.0,Mph
313.81235046152653,-359.18010945719084,0.0,Mph
499.5747833893294,-307.19081987837683,0.0,Mph
14.432419729015377,465.2404097899335,0.0,Mph
-134.43742467075742,148.5454843901604,0.0,Mph
358.76843175631353,391.03226078621555,0.0,Mph
-341.60415477379325,333.50076634043234,0.0,Mph
74.37075493574874,-369.7057277283458,0.0,Mph
-302.9750865038555,370.69748613987485,0.0,Mph
-477.82771262076676,-131.2240334819201,0.0,Mph
157.08370639598178,310.3184760603798,0.0,Mph
-16.092201607701085,394.6914803443147,0.0,Mph
127.65690058563544,-429.59094505533807,0.0,Mph
-416.5248155344954,-258.4292627686587,0.0,Mph
-109.1235273905769,-421.236064296679,0.0,Mph
404.0593774926606,-96.61799574243358,0.0,Mph
-213.6235981158522,-259.63170724392216,0.0,Mph
-88.5582843391865,-401.7838007001551,0.0,Mph
379.8474988999559,-427.98793019757176,0.0,Mph
-274.6100499434319,324.0589615104173,0.0,Mph
194.21846927628707,36.78051448885811,0.0,Mph
-181.41001523566575,-439.1081551371015,0.0,Mph
484.61799863355446,-167.98182427682607,0.0,Mph
22.786260806910153,-270.38411641366815,0.0,Mph
-441.3028118644208,-219.53530737096978,0.0,Mph
340.89156060617273,-452.9302818962636,0.0,Mph
166.03762109066798,260.9364863824485,0.0,Mph
-102.00431825538352,255.49839596717123,0.0,Mph
53.357485934187764,-295.70370644945694,0.0,Mph
-361.158088646977,296.23732378180745,0.0,Mph
-453.1336986449151,-412.31573399455664,0.0,Mph
-403.19764666749154,-163.8634783410355,0.0,Mph
349.410290622141,-353.11408497898685,0.0,Mph
413.50494082346177,223.02861283222046,0.0,Mph
189.37572422033688,-406.5756004937553,0.0,Mph
-335.16003291539084,-7.972843226655424,0.0,Mph
-45.685720280707386,113.65120361926189,0.0,Mph
-371.89046507242807,-269.7090963767335,0.0,Mph
-126.98319915611106,305.67651538757093,0.0,Mph
-352.0611771162173,-34.390328848829476,0.0,Mph
-142.77146893476672,224.54397858428854,0.0,Mph
-181.50072499128072,448.8070041711926,0.0,Mph
-470.8446042209746,20.34989762690381,0.0,Mph
478.82823719434873,-330.79101068779664,0.0,Mph
-212.53408680800374,-83.48894111450522,0.0,Mph
-310.87969304769865,81.9068317971577,0.0,Mph
123.58848450530307,437.78818333385715,0.0,Mph
182.58167783901436,93.20842760509235,0.0,Mph
-39.40334902270371,479.14281407223683,0.0,Mph
-489.1118342906873,81.3745538911903,0.0,Mph
-303.9398219367774,-369.96562573520407,0.0,Mph
-267.0011528737497,371.9440720593095,0.0,Mph
-348.3568001765142,-82.72082000943887,0.0,Mph
-49.74970712830784,-395.54286076401496,0.0,Mph
-147.3091498424517,148.32858805903044,0.0,Mph
-35.219992985130176,274.1659992648979,0.0,Mph
268.02817716354366,-351.7425552482833,0.0,Mph
-444.5374583733598,446.9448813610958,0.0,Mph
466.4060074851284,-464.12267321903784,0.0,Mph
145.74033628954925,-159.71104935710224,0.0,Mph
-142.7288601435754,234.44649275439195,0.0,Mph
426.8815510009888,-330.7010165593915,0.0,Mph
169.4409431243371,-241.75353728883263,0.0,Mph
488.66015255648836,-254.8848367495245,0.0,Mph
-42.390311864877184,-285.3843982929507,0.0,Mph
286.37662962408126,101.89691764996084,0.0,Mph
234.69718926566452,-359.880706509666,0.0,Mph
-447.35093051209185,406.225565860297,0.0,Mph
-373.82230629838654,-176.99778477233335,0.0,Mph
285.1240624736998,71.68783553411978,0.0,Mph
-228.85702574911625,-51.51856548755024,0.0,Mph
-397.2206004606969,264.5872265909248,0.0,Mph
-481.132039017586,430.72396070217405,0.0,Mph
167.00035941329693,415.7266171226776,0.0,Mph
38.40551381996027,-363.26309680496144,0.0,Mph
-372.97730895199976,-213.4831970955046,0.0,Mph
41.73464759097861,271.8633674150824,0.0,Mph
-84.9101729478673,-242.184075671329,0.0,Mph
205.04484163057646,-385.07976154307624,0.0,Mph
494.12357784512267,-281.63236026031024,0.0,Mph
-349.9143455412104,-298.22805315364167,0.0,Mph
-366.46631100876124,185.63346205753544,0.0,Mph
498.5814071397284,-393.22241159721165,0.0,Mph
-348.4961657992192,274.3191958477886,0.0,Mph
-449.13633224627677,-333.71400300349467,0.0,Mph
213.71783477564856,2.0985804152826026,0.0,Mph
-212.76714886059978,380.86044554759394,0.0,Mph
-230.76447927002584,111.15910460711315,0.0,Mph
-0.42684871870163343,94.19649120178691,0.0,Mph
74.31206523495248,51.59990595291802,0.0,Mph
-283.30085877024476,-209.25819332634194,0.0,Mph
-257.251082428546,370.25918234122463,0.0,Mph
311.029754641054,347.31114372023825,0.0,Mph
-466.30850858516686,280.60282654943467,0.0,Tcell
-92.58796942252955,-361.116628093597,0.0,Tcell
-321.58072558167083,234.08888144010015,0.0,Tcell
-69.18543090681911,-474.1818655107402,0.0,Tcell
-281.03906878282436,-227.8566825784142,0.0,Tcell
428.4919028556879,-205.82539840081571,0.0,Tcell
-460.6432058400536,177.6177586652513,0.0,Tcell
-320.4761099240878,-276.744965250217,0.0,Tcell
-330.7383844281435,-391.98039353050893,0.0,Tcell
-290.6413659805298,229.5649538877182,0.0,Tcell
33.57889119141066,-250.58331428158604,0.0,Tcell
-160.50990527544982,326.15960077677545,0.0,Tcell
-135.61076019205908,-114.65947515382696,0.0,Tcell
-91.31948785089922,419.19954424334605,0.0,Tcell
-62.080093273905405,-9.365146030209937,0.0,Tcell
210.84082342644717,22.665651023997036,0.0,Tcell
357.58597630479034,211.61972074509322,0.0,Tcell
16.456884330586842,-474.5485444642132,0.0,Tcell
322.4818853725981,-317.0440288070591,0.0,Tcell
230.9322295000848,-227.85314221014875,0.0,Tcell
244.2568199978765,-139.36350336356207,0.0,Tcell
479.14924153565033,-39.24621223345321,0.0,Tcell
-151.19925991448883,283.9452741527026,0.0,Tcell
-30.703291570560843,-40.53745807364939,0.0,Tcell
486.65353975018826,-325.089062980506,0.0,Tcell
-257.22321406765485,-9.362356897195333,0.0,Tcell
285.11972122290035,-341.22521009520005,0.0,Tcell
253.50149524808597,-352.82296818150667,0.0,Tcell
-78.38471866750113,-351.27404027688846,0.0,Tcell
453.0097278882441,31.50769534640524,0.0,Tcell
-320.8732212505287,-392.4186248913176,0.0,Tcell
-208.67073663316287,-367.8702249467246,0.0,Tcell
70.26186209004292,-432.4842797152401,0.0,Tcell
171.44466479802801,121.4548359108249,0.0,Tcell
93.34714873070604,-370.89166544485164,0.0,Tcell
270.71469715249833,-240.08672092979478,0.0,Tcell
329.0462804698339,339.7236679082989,0.0,Tcell
205.451029494294,334.26256922305686,0.0,Tcell
493.3877986927788,63.3105608453865,0.0,Tcell
287.3516019597439,58.88199613830925,0.0,Tcell
-59.889189941780494,320.3666796537227,0.0,Tcell
-85.32179437605264,10.1351028365263,0.0,Tcell
-354.18649801136314,-142.8293347914414,0.0,Tcell
-417.02113396333516,177.2308101479433,0.0,Tcell
-214.5363837275016,117.98778855972569,0.0,Tcell
-121.19893812594451,449.1192991000737,0.0,Tcell
-454.80689844145604,224.11942327769825,0.0,Tcell
-485.73853513513694,-132.99126968997095,0.0,Tcell
104.14886154234587,-142.2101619518958,0.0,Tcell
32.1964732331182,303.4727064191019,0.0,Tcell
