x,y,z,type
64,-1067,0,Tcell
159.5,-968,0,Tcell
-656,-2028,0,Tcell
-1151.5,-2462.5,0,Tcell
-1070,-2434.5,0,Tcell
-1046.5,-2411,0,Tcell
-1250.5,-2368.5,0,Tcell
-1008.5,-2314.5,0,Tcell
-1206.5,-2310.5,0,Tcell
-963,-2301,0,Tcell
-1000.5,-2291.5,0,Tcell
-1217,-2286,0,Tcell
-1205.5,-2273.5,0,Tcell
-1242.5,-2272,0,Tcell
-914.5,-2263.5,0,Tcell
-1347,-2158,0,Tcell
-884,-2078.5,0,Tcell
-1189,-2014.5,0,Tcell
-1182.5,-1990,0,Tcell
-881.5,-1914,0,Tcell
-1130,-1877,0,Tcell
-1136.5,-1782,0,Tcell
-1122.5,-1747.5,0,Tcell
-903,-468.5,0,Tcell
-415.5,-1687.5,0,Tcell
-419,-1635,0,Tcell
-381.5,-1627,0,Tcell
-401.5,-1621,0,Tcell
-380.5,-1599.5,0,Tcell
-771,-1489.5,0,Tcell
-628,-1294,0,Tcell
-700,-1292,0,Tcell
-704.5,-1262,0,Tcell
-620,-1261.5,0,Tcell
-270,-1231,0,Tcell
-327,-1196,0,Tcell
-270,-1144.5,0,Tcell
-732,-1111,0,Tcell
-617,-1021.5,0,Tcell
-1156,-1398,0,Tcell
-1110,-1385,0,Tcell
-1115.5,-1369,0,Tcell
-918,-1336.5,0,Tcell
-971.5,-1328.5,0,Tcell
-903,-1330.5,0,Tcell
-1080.5,-1328,0,Tcell
-1063,-1325,0,Tcell
-896.5,-1315,0,Tcell
-881.5,-1305,0,Tcell
-869,-1298,0,Tcell
-850.5,-1282.5,0,Tcell
-968.5,-1285,0,Tcell
-831.5,-1270.5,0,Tcell
-922,-1267,0,Tcell
-901,-1260.5,0,Tcell
-883.5,-1256.5,0,Tcell
-866,-1248,0,Tcell
-838,-1246.5,0,Tcell
-918,-1243.5,0,Tcell
-794.5,-1239.5,0,Tcell
-1133,-1232.5,0,Tcell
-926.5,-1229.5,0,Tcell
-859,-1195.5,0,Tcell
-847,-1175,0,Tcell
-825,-1158,0,Tcell
-805,-1155.5,0,Tcell
-972.5,-1091.5,0,Tcell
-962,-1080,0,Tcell
-781.5,-947.5,0,Tcell
-1086.5,-70.5,0,Tcell
-1002.5,-15,0,Tcell
-1053,5,0,Tcell
-1023,30,0,Tcell
-1043.5,51,0,Tcell
-1012.5,60.5,0,Tcell
-1022.5,77,0,Tcell
-1004.5,107,0,Tcell
-991,138.5,0,Tcell
-1012.5,171,0,Tcell
1794,1717,0,Tcell
1776,1717.5,0,Tcell
1768.5,1731,0,Tcell
1743.5,1741.5,0,Tcell
1787,1743,0,Tcell
1642,1814,0,Tcell
1646,1829.5,0,Tcell
1711.5,1901,0,Tcell
1701,1917,0,Tcell
1733.5,1918,0,Tcell
1747,1934.5,0,Tcell
1726.5,1946,0,Tcell
1775.5,1941,0,Tcell
1709.5,1955.5,0,Tcell
964,386,0,Tcell
925,450,0,Tcell
1184.5,581.5,0,Tcell
-26.5,-108,0,Tcell
-49.5,-110.5,0,Tcell
-48,-93.5,0,Tcell
-64,257.5,0,Tcell
-87.5,594,0,Tcell
-66.5,764,0,Tcell
-135.5,988.5,0,Tcell
13,1057,0,Tcell
-75.5,1059.5,0,Tcell
-256.5,1069.5,0,Tcell
-2.5,1103.5,0,Tcell
-205.5,1143,0,Tcell
1245,765,0,Tcell
1265.5,774,0,Tcell
1122.5,814,0,Tcell
1350,880,0,Tcell
1353.5,896.5,0,Tcell
1371,931,0,Tcell
1402,957.5,0,Tcell
1452,1001.5,0,Tcell
1437,1023.5,0,Tcell
1452,1077.5,0,Tcell
890,1072.5,0,Tcell
1520.5,1080.5,0,Tcell
919,1081.5,0,Tcell
1413.5,1109,0,Tcell
1066.5,1289,0,Tcell
934,1291,0,Tcell
939.5,1306.5,0,Tcell
1102,1332,0,Tcell
1003,1362,0,Tcell
1017.5,1380.5,0,Tcell
416,1482.5,0,Tcell
660,1535.5,0,Tcell
673,1544.5,0,Tcell
706.5,1553.5,0,Tcell
713.5,1565.5,0,Tcell
282,1580,0,Tcell
306.5,1586,0,Tcell
294,1595.5,0,Tcell
664.5,1601,0,Tcell
583.5,1605,0,Tcell
485.5,1607,0,Tcell
604.5,1608.5,0,Tcell
776.5,1629,0,Tcell
300,1629,0,Tcell
303.5,1650,0,Tcell
749,1676.5,0,Tcell
772,1681,0,Tcell
751.5,1691.5,0,Tcell
241,1710,0,Tcell
241,1729.5,0,Tcell
415,1755,0,Tcell
511,1813.5,0,Tcell
747.5,1866,0,Tcell
715.5,1878.5,0,Tcell
729.5,1887.5,0,Tcell
735.5,1908.5,0,Tcell
396,1946,0,Tcell
385,1965.5,0,Tcell
502,1967.5,0,Tcell
355,1979.5,0,Tcell
730.5,1994,0,Tcell
424.5,2000.5,0,Tcell
743,2032.5,0,Tcell
740,2049.5,0,Tcell
532,2087,0,Tcell
519.5,2110,0,Tcell
716,2117,0,Tcell
787,2124,0,Tcell
761,2125,0,Tcell
810.5,2146,0,Tcell
757.5,2153.5,0,Tcell
798.5,2157,0,Tcell
792,2172,0,Tcell
825.5,2187,0,Tcell
376,-93.5,0,Tcell
363,-75,0,Tcell
376.5,-64,0,Tcell
452.5,-34,0,Tcell
38,59,0,Tcell
406,173,0,Tcell
414,189,0,Tcell
244,217.5,0,Tcell
134.5,341.5,0,Tcell
165.5,349.5,0,Tcell
248.5,363,0,Tcell
258.5,388,0,Tcell
760,455.5,0,Tcell
815.5,494.5,0,Tcell
800,503.5,0,Tcell
61,583,0,Tcell
-164,-944,0,Tcell
-408,-870.5,0,Tcell
-286,-860.5,0,Tcell
-414.5,-849,0,Tcell
-254.5,-847,0,Tcell
-299.5,-844.5,0,Tcell
-300,-824,0,Tcell
-374,-819,0,Tcell
-411,-816.5,0,Tcell
-390,-806,0,Tcell
-758.5,-778,0,Tcell
-241.5,-770,0,Tcell
-223.5,-771,0,Tcell
-748.5,-765,0,Tcell
-153.5,-747,0,Tcell
-174,-728.5,0,Tcell
-377.5,-450.5,0,Tcell
-317,-340.5,0,Tcell
-603.5,-204,0,Tcell
398,731,0,Tcell
108,862.5,0,Tcell
92,900.5,0,Tcell
303.5,937.5,0,Tcell
769.5,943,0,Tcell
393,966.5,0,Tcell
684,983,0,Tcell
731,1026.5,0,Tcell
115,1053.5,0,Tcell
227,1108,0,Tcell
249,1115.5,0,Tcell
62,1168.5,0,Tcell
484.5,1430.5,0,Tcell
1017.5,1485,0,Tcell
1571.5,1575.5,0,Tcell
843.5,1695,0,Tcell
913.5,1744.5,0,Tcell
851,1853,0,Tcell
1415,1883.5,0,Tcell
976,1943,0,Tcell
832,2074,0,Tcell
962.5,2122,0,Tcell
920,2133,0,Tcell
956,2144,0,Tcell
936.5,2155.5,0,Tcell
848,2174,0,Tcell
960,2190,0,Tcell
1178,2195,0,Tcell
1157,2229,0,Tcell
324,-680,0,Tcell
44,-640,0,Tcell
39,-573.5,0,Tcell
359,-564.5,0,Tcell
202.5,-517.5,0,Tcell
360,-483,0,Tcell
1335,2283.5,0,Tcell
1241,2311.5,0,Tcell
1296,2317,0,Tcell
1268.5,2319,0,Tcell
1603,2326,0,Tcell
1363,2363.5,0,Tcell
1358.5,2392.5,0,Tcell
-1606,-2365.5,0,TU
-1633,-2355.5,0,TU
-1694.5,-2355,0,TU
-1718,-2354.5,0,TU
-1585,-2351,0,TU
-1623,-2343.5,0,TU
-1701.5,-2342,0,TU
-1594,-2340.5,0,TU
-1662.5,-2334,0,TU
-1678,-2332.5,0,TU
-1582,-2331.5,0,TU
-1704,-2328.5,0,TU
-1600.5,-2326,0,TU
-1644,-2322.5,0,TU
-1616,-2322,0,TU
-1632.5,-2312.5,0,TU
-1512,-2312.5,0,TU
-1770.5,-2305,0,TU
-1527,-2304,0,TU
-1569,-2300,0,TU
-1603,-2295,0,TU
-1624.5,-2292.5,0,TU
-1775,-2292,0,TU
-1678.5,-2292,0,TU
-1645.5,-2291.5,0,TU
-1549.5,-2288.5,0,TU
-1517.5,-2287.5,0,TU
-1667.5,-2275,0,TU
-1575.5,-2274.5,0,TU
-1683.5,-2272.5,0,TU
-1636.5,-2270.5,0,TU
-1609,-2270,0,TU
-1482,-2267.5,0,TU
-1659,-2266.5,0,TU
-1499.5,-2264.5,0,TU
-1650.5,-2253.5,0,TU
-1526.5,-2249.5,0,TU
-1690.5,-2248.5,0,TU
-1623,-2247.5,0,TU
-1568,-2233.5,0,TU
-1643.5,-2230.5,0,TU
-1483,-2225.5,0,TU
-1686.5,-2224.5,0,TU
-1549.5,-2223.5,0,TU
-1627,-2221.5,0,TU
-1644.5,-2210,0,TU
-1707,-2208.5,0,TU
-1445.5,-2203,0,TU
-1496.5,-2199.5,0,TU
-1611,-2191.5,0,TU
-1505.5,-2191,0,TU
-1581,-2187.5,0,TU
-1549.5,-2185,0,TU
-1420.5,-2177.5,0,TU
-1464.5,-2175,0,TU
-1442.5,-2173,0,TU
-1716,-2165.5,0,TU
-1661,-2163,0,TU
-1535,-2160,0,TU
-1594.5,-2160,0,TU
-1627,-2159.5,0,TU
-1549.5,-2159,0,TU
-1691.5,-2157,0,TU
-1574.5,-2155,0,TU
-1640.5,-2152.5,0,TU
-1609.5,-2147.5,0,TU
-1548,-2138,0,TU
-1646,-2134.5,0,TU
-1546,-2123,0,TU
-1577.5,-2122,0,TU
-1718,-2110.5,0,TU
-1754,-2110,0,TU
-1735,-2104.5,0,TU
-1569,-2098.5,0,TU
-1690.5,-2095,0,TU
-1632,-2093,0,TU
-1719,-2088.5,0,TU
-1748,-2085.5,0,TU
-1651,-2082,0,TU
-1699,-2079.5,0,TU
-1682.5,-2077.5,0,TU
-1573.5,-2077,0,TU
-1304,-2068,0,TU
-1733,-2068,0,TU
-1323.5,-2061,0,TU
-1702,-2061,0,TU
-1661,-2060,0,TU
-1756.5,-2058,0,TU
-1560,-2056.5,0,TU
-1626,-2055,0,TU
-1308.5,-2040,0,TU
-1564.5,-2032,0,TU
-1453,-2027,0,TU
-1637.5,-2027,0,TU
-1613,-2019.5,0,TU
-1636,-2014,0,TU
-1569.5,-2004.5,0,TU
-1464,-2002,0,TU
-1701.5,-2000.5,0,TU
-1658.5,-1999,0,TU
-1551,-1998.5,0,TU
-1618.5,-1998,0,TU
-1434,-1992,0,TU
-1410,-1991.5,0,TU
-1452,-1988,0,TU
-1248.5,-1987.5,0,TU
-1517,-1987.5,0,TU
-1193,-1984,0,TU
-1580,-1983.5,0,TU
-1610.5,-1982,0,TU
-1638,-1979.5,0,TU
-1759.5,-1975,0,TU
-1680,-1974,0,TU
-1709,-1971,0,TU
-1233.5,-1970.5,0,TU
-1666,-1970.5,0,TU
-1415,-1970,0,TU
-1214.5,-1970,0,TU
-1655.5,-1969,0,TU
-1466,-1967,0,TU
-1250,-1966.5,0,TU
-1332.5,-1965,0,TU
-1266.5,-1965,0,TU
-1615.5,-1964.5,0,TU
-1438.5,-1963.5,0,TU
-1542.5,-1961,0,TU
-1263,-1960.5,0,TU
-1127.5,-1959,0,TU
-1141,-1958,0,TU
-1719.5,-1958,0,TU
-1188.5,-1956.5,0,TU
-1413,-1955,0,TU
-1521,-1954.5,0,TU
-1696,-1951.5,0,TU
-1768.5,-1950.5,0,TU
-1123,-1949.5,0,TU
-1601.5,-1948.5,0,TU
-1297,-1947.5,0,TU
-1755,-1946,0,TU
-1629,-1946,0,TU
-1373.5,-1945,0,TU
-1731.5,-1945,0,TU
-1429.5,-1943,0,TU
-1282,-1941,0,TU
-1676,-1940.5,0,TU
-1653.5,-1939.5,0,TU
-1221,-1939,0,TU
-1509.5,-1936.5,0,TU
-1558.5,-1935,0,TU
-1530.5,-1935,0,TU
-1711,-1933,0,TU
-1694.5,-1932,0,TU
-1790,-1932,0,TU
-1099,-1927,0,TU
-1408.5,-1926.5,0,TU
-1446.5,-1926,0,TU
-1367.5,-1925.5,0,TU
-1585,-1923,0,TU
-1122,-1921,0,TU
-1769.5,-1918,0,TU
-1342,-1917.5,0,TU
-1697.5,-1916,0,TU
-1471.5,-1916,0,TU
-1724,-1914,0,TU
-1129,-1908.5,0,TU
-1710.5,-1904,0,TU
-1547.5,-1902,0,TU
-1534,-1900,0,TU
-1156,-1897,0,TU
-1451,-1896,0,TU
-1776,-1894,0,TU
-1502.5,-1893,0,TU
-1701.5,-1892,0,TU
-1674.5,-1892,0,TU
-1278,-1888,0,TU
-1254.5,-1885,0,TU
-1093.5,-1884,0,TU
-1612.5,-1882,0,TU
-1121.5,-1881,0,TU
-1590,-1880.5,0,TU
-1232.5,-1879,0,TU
-1756,-1877.5,0,TU
-1383,-1876.5,0,TU
-1453,-1874.5,0,TU
-1782.5,-1874,0,TU
-1603,-1872.5,0,TU
-1417,-1870.5,0,TU
-1147,-1870.5,0,TU
-1334.5,-1869.5,0,TU
-1284,-1869,0,TU
-1571,-1868.5,0,TU
-1702,-1867.5,0,TU
-1493.5,-1867,0,TU
-1744,-1864,0,TU
-1439,-1863,0,TU
-1321,-1859.5,0,TU
-1210.5,-1859.5,0,TU
-1476,-1859.5,0,TU
-1240,-1858,0,TU
-1521,-1855,0,TU
-1680.5,-1854.5,0,TU
-1716,-1854,0,TU
-1195,-1853.5,0,TU
-1782.5,-1852,0,TU
-1576.5,-1847,0,TU
-1420.5,-1846.5,0,TU
-1304,-1844,0,TU
-1254,-1842.5,0,TU
-1743,-1841.5,0,TU
-1279.5,-1841.5,0,TU
-1231,-1840,0,TU
-1432.5,-1838,0,TU
-1687,-1836.5,0,TU
-1777,-1836,0,TU
-1751,-1835.5,0,TU
-1727.5,-1834,0,TU
-1413,-1832.5,0,TU
-1214.5,-1827,0,TU
-1705,-1823,0,TU
-1432,-1822,0,TU
-1523,-1822,0,TU
-1736,-1819.5,0,TU
-1243.5,-1818,0,TU
-1207,-1817.5,0,TU
-1549.5,-1817,0,TU
-1762,-1817,0,TU
-1295,-1816.5,0,TU
-1788,-1816,0,TU
-1746.5,-1815.5,0,TU
-1187,-1815.5,0,TU
-1271,-1815,0,TU
-1340.5,-1814.5,0,TU
-1394,-1813.5,0,TU
-1103.5,-1813.5,0,TU
-1496.5,-1812,0,TU
-1723.5,-1812,0,TU
-1415.5,-1810.5,0,TU
-1317,-1807,0,TU
-1603.5,-1806,0,TU
-1247,-1804,0,TU
-1744,-1803,0,TU
-1370,-1802.5,0,TU
-1776,-1802,0,TU
-1436.5,-1801,0,TU
-1662,-1799.5,0,TU
-1485.5,-1796.5,0,TU
-1409.5,-1796,0,TU
-1135.5,-1796,0,TU
-1641,-1794,0,TU
-1265.5,-1792.5,0,TU
-1732,-1791,0,TU
-1615,-1791,0,TU
-1245.5,-1787.5,0,TU
-1539,-1787.5,0,TU
-1746.5,-1786.5,0,TU
-1595,-1784.5,0,TU
-1276,-1782,0,TU
-1214,-1779,0,TU
-1765.5,-1777.5,0,TU
-1365.5,-1777,0,TU
-1234,-1776,0,TU
-1736.5,-1776,0,TU
-1320.5,-1775.5,0,TU
-1636.5,-1774,0,TU
-1141.5,-1773.5,0,TU
-1782.5,-1772.5,0,TU
-1618.5,-1772,0,TU
-1463,-1772,0,TU
-1579.5,-1771,0,TU
-1391.5,-1771,0,TU
-1416.5,-1769,0,TU
-1289,-1768,0,TU
-1249.5,-1767,0,TU
-1659,-1766.5,0,TU
-1267,-1765.5,0,TU
-1202.5,-1765,0,TU
-1304.5,-1761.5,0,TU
-1758.5,-1761,0,TU
-1359.5,-1760,0,TU
-1235,-1758.5,0,TU
-1258.5,-1751.5,0,TU
-1774.5,-1748.5,0,TU
-1527,-1748.5,0,TU
-1328.5,-1746.5,0,TU
-1451,-1745,0,TU
-1216,-1744,0,TU
-1373.5,-1743,0,TU
-1424.5,-1742.5,0,TU
-1736.5,-1741,0,TU
-1247.5,-1740.5,0,TU
-1399,-1740,0,TU
-1699,-1739.5,0,TU
-1358,-1739.5,0,TU
-1297.5,-1738,0,TU
-1153.5,-1737.5,0,TU
-1762.5,-1736,0,TU
-1721.5,-1734.5,0,TU
-1563.5,-1734.5,0,TU
-1516.5,-1734.5,0,TU
-1586,-1734.5,0,TU
-1615,-1731.5,0,TU
-1335.5,-1728,0,TU
-1485.5,-1727.5,0,TU
-1228,-1727,0,TU
-1791.5,-1726.5,0,TU
-1427.5,-1725.5,0,TU
-1313,-1725,0,TU
-1837.5,-1725,0,TU
-1256,-1723,0,TU
-1357,-1723,0,TU
-1392.5,-1722.5,0,TU
-1449,-1721.5,0,TU
-1658,-1721,0,TU
-1600,-1719,0,TU
-1743.5,-1718,0,TU
-1714.5,-1718,0,TU
-1284.5,-1717,0,TU
-1728.5,-1716,0,TU
-1808.5,-1715.5,0,TU
-1823,-1714,0,TU
-1506.5,-1713.5,0,TU
-1468,-1712,0,TU
-1695,-1710.5,0,TU
-1574,-1708,0,TU
-1234,-1706,0,TU
-1618.5,-1705,0,TU
-1208.5,-1705,0,TU
-1325,-1703.5,0,TU
-1778.5,-1702.5,0,TU
-1351,-1701.5,0,TU
-1406,-1699.5,0,TU
-1752.5,-1699,0,TU
-1595.5,-1699,0,TU
-1801,-1698.5,0,TU
-1369.5,-1696.5,0,TU
-1244,-1696,0,TU
-1713.5,-1693.5,0,TU
-1389,-1693,0,TU
-1435,-1693,0,TU
-1726.5,-1692,0,TU
-1291.5,-1692,0,TU
-1688.5,-1687.5,0,TU
-1326.5,-1687,0,TU
-1375.5,-1686,0,TU
-1498.5,-1684.5,0,TU
-1625.5,-1682,0,TU
-1358,-1680,0,TU
-1841.5,-1675,0,TU
-1819.5,-1673.5,0,TU
-1240.5,-1673,0,TU
-1762,-1669.5,0,TU
-1379,-1669,0,TU
-1402,-1664.5,0,TU
-1606.5,-1663,0,TU
-1228.5,-1661.5,0,TU
-1337,-1660.5,0,TU
-1474,-1659.5,0,TU
-1840,-1659,0,TU
-1446.5,-1658,0,TU
-1714,-1656.5,0,TU
-1748.5,-1653.5,0,TU
-1693,-1652.5,0,TU
-1240,-1647.5,0,TU
-1400,-1647,0,TU
-1257,-1647,0,TU
-1313,-1646.5,0,TU
-1200,-1643,0,TU
-1375.5,-1642.5,0,TU
-1768,-1642.5,0,TU
-761,-1641.5,0,TU
-1669.5,-1639.5,0,TU
-737,-1639,0,TU
-1605.5,-1637.5,0,TU
-1297.5,-1636.5,0,TU
-1273,-1636.5,0,TU
-1727,-1634.5,0,TU
-1622.5,-1633,0,TU
-779,-1632,0,TU
-1365.5,-1632,0,TU
-1234,-1631.5,0,TU
-1783,-1630.5,0,TU
-1173,-1629,0,TU
-1427.5,-1628.5,0,TU
-1685,-1628,0,TU
-1345.5,-1626.5,0,TU
-1453.5,-1624,0,TU
-1405,-1623.5,0,TU
-1324.5,-1623,0,TU
-1263,-1619,0,TU
-1287,-1617,0,TU
-1710.5,-1616.5,0,TU
-756,-1616,0,TU
-1787.5,-1615,0,TU
-1239.5,-1614,0,TU
-1337,-1612.5,0,TU
-1674,-1612.5,0,TU
-1624,-1611.5,0,TU
-733.5,-1611.5,0,TU
-794.5,-1609.5,0,TU
-775.5,-1609,0,TU
-1433,-1609,0,TU
-1773.5,-1608,0,TU
-1512,-1605.5,0,TU
-1311,-1604.5,0,TU
-1359,-1604,0,TU
-1756.5,-1604,0,TU
-1603.5,-1602,0,TU
-1694.5,-1602,0,TU
-1384.5,-1598,0,TU
-1408.5,-1597.5,0,TU
-1723,-1596.5,0,TU
-1584,-1595.5,0,TU
-1442.5,-1594.5,0,TU
-1498,-1594.5,0,TU
-1762,-1591.5,0,TU
-1533.5,-1591,0,TU
-1792,-1588,0,TU
-1421.5,-1587,0,TU
-1570,-1584.5,0,TU
-688.5,-1584,0,TU
-1455.5,-1579,0,TU
-1526,-1578,0,TU
-1600,-1576.5,0,TU
-1764.5,-1575,0,TU
-1487,-1573.5,0,TU
-1196,-1573.5,0,TU
-821.5,-1573.5,0,TU
-1245.5,-1573,0,TU
-1430,-1572.5,0,TU
-1391.5,-1572,0,TU
-1217.5,-1572,0,TU
-1408,-1568,0,TU
-798,-1564.5,0,TU
-1610.5,-1563.5,0,TU
-1735.5,-1558.5,0,TU
-765.5,-1558,0,TU
-1764,-1558,0,TU
-1429.5,-1555.5,0,TU
-854.5,-1551.5,0,TU
-1250.5,-1550.5,0,TU
-1287.5,-1541,0,TU
-838.5,-1541,0,TU
-1750,-1540.5,0,TU
-1773.5,-1540,0,TU
-1316.5,-1539.5,0,TU
-1523,-1538,0,TU
-703.5,-1537.5,0,TU
-1491.5,-1537,0,TU
-1423,-1533.5,0,TU
-1699.5,-1533.5,0,TU
-732,-1532.5,0,TU
-1338,-1532.5,0,TU
-1743,-1532,0,TU
-829.5,-1529,0,TU
-802.5,-1529,0,TU
-633,-1528.5,0,TU
-760,-1525.5,0,TU
-780.5,-1524,0,TU
-1400.5,-1522,0,TU
-1740,-1519.5,0,TU
-1612,-1518.5,0,TU
-1512.5,-1518,0,TU
-655,-1517,0,TU
-1317.5,-1516,0,TU
-1209,-1516,0,TU
-761,-1514.5,0,TU
-1688,-1514,0,TU
-1718,-1513.5,0,TU
-716,-1512,0,TU
-842.5,-1511.5,0,TU
-1526,-1506.5,0,TU
-851.5,-1504.5,0,TU
-824.5,-1504.5,0,TU
-880,-1503,0,TU
-1227,-1501,0,TU
-1731,-1499,0,TU
-1180,-1498,0,TU
-1716.5,-1498,0,TU
-793.5,-1498,0,TU
-1747,-1497,0,TU
-1696,-1495.5,0,TU
-1335,-1494.5,0,TU
-664,-1491,0,TU
-1615.5,-1489,0,TU
-1758,-1487,0,TU
-847,-1487,0,TU
-759,-1485.5,0,TU
-1313,-1484.5,0,TU
-864.5,-1484.5,0,TU
-938,-1484,0,TU
-1774.5,-1482,0,TU
-1187,-1479.5,0,TU
-914.5,-1479,0,TU
-1686,-1478,0,TU
-1212.5,-1478,0,TU
-1523,-1477.5,0,TU
-1725,-1475,0,TU
-1352.5,-1469,0,TU
-1411,-1468.5,0,TU
-1470.5,-1468,0,TU
-1625,-1465.5,0,TU
-1376,-1465,0,TU
-811.5,-1464.5,0,TU
-899.5,-1463.5,0,TU
-837.5,-1463.5,0,TU
-873,-1462,0,TU
-960.5,-1460,0,TU
-1233.5,-1459.5,0,TU
-856,-1459,0,TU
-1496,-1458.5,0,TU
-791,-1457.5,0,TU
-1197.5,-1457,0,TU
-1265.5,-1453.5,0,TU
-918.5,-1451,0,TU
-1646.5,-1450.5,0,TU
-1405,-1449.5,0,TU
-1733,-1448.5,0,TU
-1212.5,-1448.5,0,TU
-1571.5,-1447.5,0,TU
-1352,-1446,0,TU
-1299.5,-1445.5,0,TU
-768.5,-1445.5,0,TU
-1373.5,-1444.5,0,TU
-1606.5,-1444,0,TU
-695.5,-1444,0,TU
-1317.5,-1442.5,0,TU
-1469.5,-1442.5,0,TU
-1445,-1442,0,TU
-1241,-1441,0,TU
-1221.5,-1436.5,0,TU
-819.5,-1436,0,TU
-554,-1430.5,0,TU
-1398,-1429,0,TU
-1420,-1429,0,TU
-967,-1427,0,TU
-1754.5,-1427,0,TU
-986.5,-1426.5,0,TU
-563.5,-1426.5,0,TU
-955.5,-1424.5,0,TU
-1237,-1424,0,TU
-594.5,-1423.5,0,TU
-1357,-1421,0,TU
-1037,-1421,0,TU
-1214.5,-1419,0,TU
-795,-1418.5,0,TU
-848,-1415,0,TU
-772,-1414.5,0,TU
-572,-1414.5,0,TU
-1395,-1414,0,TU
-643,-1413,0,TU
-1467.5,-1412.5,0,TU
-1504,-1412.5,0,TU
-1313,-1412.5,0,TU
-1418,-1410,0,TU
-934,-1409,0,TU
-811,-1408,0,TU
-1222,-1408,0,TU
-1257,-1407.5,0,TU
-529.5,-1407.5,0,TU
-894.5,-1407,0,TU
-611.5,-1406.5,0,TU
-1716,-1406.5,0,TU
-1006.5,-1405.5,0,TU
-664,-1405.5,0,TU
-1751,-1403,0,TU
-696,-1403,0,TU
-1033,-1401.5,0,TU
-539,-1401.5,0,TU
-1527,-1400.5,0,TU
-557.5,-1400.5,0,TU
-1232.5,-1400,0,TU
-1571.5,-1399.5,0,TU
-861,-1397.5,0,TU
-1206.5,-1397.5,0,TU
-1710,-1395.5,0,TU
-738,-1395,0,TU
-1366.5,-1393,0,TU
-624.5,-1392.5,0,TU
-1433,-1392.5,0,TU
-1729,-1392,0,TU
-573.5,-1391,0,TU
-601,-1391,0,TU
-866.5,-1390,0,TU
-1053,-1388.5,0,TU
-823.5,-1388.5,0,TU
-684,-1388,0,TU
-1223,-1387,0,TU
-1416.5,-1387,0,TU
-710.5,-1387,0,TU
-1254.5,-1383,0,TU
-942.5,-1382,0,TU
-540,-1382,0,TU
-888.5,-1380.5,0,TU
-1229,-1378,0,TU
-1587,-1378,0,TU
-651.5,-1378,0,TU
-550.5,-1377.5,0,TU
-1023.5,-1377.5,0,TU
-917,-1376.5,0,TU
-1698.5,-1376.5,0,TU
-595,-1376,0,TU
-675.5,-1374,0,TU
-1085,-1372,0,TU
-1057.5,-1371,0,TU
-871,-1371,0,TU
-567.5,-1371,0,TU
-733.5,-1370.5,0,TU
-850.5,-1369.5,0,TU
-1344,-1368,0,TU
-1410,-1368,0,TU
-942,-1366.5,0,TU
-1321.5,-1364.5,0,TU
-1037.5,-1364,0,TU
-1205.5,-1363.5,0,TU
-900,-1363.5,0,TU
-1252,-1363,0,TU
-880,-1361.5,0,TU
-1556.5,-1361,0,TU
-1016.5,-1361,0,TU
-534,-1360.5,0,TU
-1226.5,-1359,0,TU
-956.5,-1358,0,TU
-1473,-1358,0,TU
-1104.5,-1357.5,0,TU
-554.5,-1354,0,TU
-1033.5,-1354,0,TU
-602,-1353.5,0,TU
-1057.5,-1352.5,0,TU
-1612,-1351.5,0,TU
-1295.5,-1349.5,0,TU
-935,-1349.5,0,TU
-1077,-1349.5,0,TU
-506,-1349,0,TU
-1352.5,-1349,0,TU
-992.5,-1348,0,TU
-576,-1347.5,0,TU
-844,-1347,0,TU
-813.5,-1346,0,TU
-538,-1346,0,TU
-655,-1345.5,0,TU
-735,-1344.5,0,TU
-1172,-1344.5,0,TU
-922,-1344.5,0,TU
-1243,-1344,0,TU
-1577.5,-1342,0,TU
-1334,-1341.5,0,TU
-599.5,-1341.5,0,TU
-1030.5,-1341,0,TU
-874.5,-1339,0,TU
-1012.5,-1339,0,TU
-629,-1339,0,TU
-1210,-1339,0,TU
-491,-1338.5,0,TU
-1053,-1338,0,TU
-970.5,-1335,0,TU
-801.5,-1334.5,0,TU
-668,-1334,0,TU
-1552,-1333,0,TU
-922.5,-1332,0,TU
-1385.5,-1331.5,0,TU
-543.5,-1330,0,TU
-853,-1328.5,0,TU
-837,-1328,0,TU
-954.5,-1327.5,0,TU
-785.5,-1327,0,TU
-1415.5,-1327,0,TU
-1447,-1325.5,0,TU
-1026,-1325.5,0,TU
-1521.5,-1325,0,TU
-511,-1325,0,TU
-1109,-1323.5,0,TU
-1158.5,-1323.5,0,TU
-1011.5,-1322,0,TU
-1084,-1321.5,0,TU
-1296,-1321.5,0,TU
-1325,-1321.5,0,TU
-481,-1321,0,TU
-992.5,-1320,0,TU
-1478.5,-1320,0,TU
-1240,-1319.5,0,TU
-494.5,-1318,0,TU
-1035.5,-1315.5,0,TU
-803,-1314.5,0,TU
-824,-1314,0,TU
-664.5,-1312.5,0,TU
-761.5,-1311,0,TU
-1061.5,-1309.5,0,TU
-889.5,-1309,0,TU
-913.5,-1309,0,TU
-928.5,-1308.5,0,TU
-600,-1308,0,TU
-1434.5,-1306,0,TU
-475.5,-1305.5,0,TU
-1384.5,-1305.5,0,TU
-543.5,-1305,0,TU
-1086.5,-1304.5,0,TU
-1018,-1304,0,TU
-517,-1303.5,0,TU
-788.5,-1302.5,0,TU
-1108,-1302.5,0,TU
-856.5,-1302,0,TU
-1514.5,-1301.5,0,TU
-952.5,-1299,0,TU
-1048,-1297.5,0,TU
-1152.5,-1294.5,0,TU
-1176,-1293.5,0,TU
-1560,-1292.5,0,TU
-819.5,-1291.5,0,TU
-1332.5,-1289.5,0,TU
-800.5,-1288.5,0,TU
-1503,-1287,0,TU
-974.5,-1287,0,TU
-758.5,-1285.5,0,TU
-447,-1284.5,0,TU
-1201.5,-1284.5,0,TU
-1376,-1283.5,0,TU
-1413.5,-1283,0,TU
-785,-1281.5,0,TU
-918,-1281,0,TU
-1445,-1279,0,TU
-1408,-1278.5,0,TU
-1040.5,-1276.5,0,TU
-804,-1274.5,0,TU
-1017,-1273.5,0,TU
-994.5,-1272.5,0,TU
-948.5,-1271.5,0,TU
-1397.5,-1271,0,TU
-1543,-1271,0,TU
-619.5,-1271,0,TU
-760,-1267.5,0,TU
-821,-1267.5,0,TU
-1196.5,-1267.5,0,TU
-895,-1267,0,TU
-972,-1266.5,0,TU
-1663,-1266.5,0,TU
-792,-1264,0,TU
-1136,-1263.5,0,TU
-1273.5,-1261.5,0,TU
-777,-1261,0,TU
-1497.5,-1260,0,TU
-1161.5,-1260,0,TU
-1185.5,-1259.5,0,TU
-707,-1259.5,0,TU
-922,-1259,0,TU
-1118.5,-1258.5,0,TU
-748,-1256.5,0,TU
-1381.5,-1256,0,TU
-1099,-1256,0,TU
-1317.5,-1252.5,0,TU
-944,-1251.5,0,TU
-817.5,-1250.5,0,TU
-1483.5,-1249,0,TU
-1041,-1248,0,TU
-1354,-1247,0,TU
-1375,-1245.5,0,TU
-1169,-1245.5,0,TU
-471,-1245.5,0,TU
-909,-1245.5,0,TU
-1217.5,-1245.5,0,TU
-1301.5,-1244.5,0,TU
-788.5,-1244.5,0,TU
-1454.5,-1243.5,0,TU
-1529.5,-1243,0,TU
-969.5,-1241.5,0,TU
-1328,-1241.5,0,TU
-1064,-1241.5,0,TU
-735,-1239,0,TU
-1176.5,-1238.5,0,TU
-1140,-1237,0,TU
-628.5,-1236.5,0,TU
-1283.5,-1236.5,0,TU
-1091.5,-1236.5,0,TU
-773.5,-1235,0,TU
-1203,-1235,0,TU
-1651,-1233.5,0,TU
-1237,-1232,0,TU
-798.5,-1231.5,0,TU
-1011,-1229,0,TU
-1370.5,-1229,0,TU
-1380.5,-1226.5,0,TU
-921,-1224.5,0,TU
-1352.5,-1223.5,0,TU
-1315.5,-1223,0,TU
-604,-1223,0,TU
-1330.5,-1222,0,TU
-749,-1221,0,TU
-967,-1220,0,TU
-1077.5,-1220,0,TU
-1188,-1219.5,0,TU
-508.5,-1219,0,TU
-945,-1218,0,TU
-1252.5,-1217,0,TU
-1626,-1216.5,0,TU
-834.5,-1216,0,TU
-648.5,-1215.5,0,TU
-703.5,-1215.5,0,TU
-1043,-1214.5,0,TU
-1331.5,-1212.5,0,TU
-994.5,-1212,0,TU
-1161,-1212,0,TU
-1388.5,-1210.5,0,TU
-1231,-1209.5,0,TU
-1018.5,-1208,0,TU
-1371.5,-1208,0,TU
-805,-1207.5,0,TU
-553.5,-1207.5,0,TU
-671,-1206.5,0,TU
-782.5,-1204,0,TU
-1207,-1203,0,TU
-1099,-1201.5,0,TU
-1656,-1201.5,0,TU
-486,-1200,0,TU
-959.5,-1199,0,TU
-593.5,-1199,0,TU
-1351.5,-1196.5,0,TU
-1144.5,-1193,0,TU
-1071,-1193,0,TU
-1464.5,-1191,0,TU
-1114,-1190.5,0,TU
-506,-1189.5,0,TU
-1184,-1189,0,TU
-1453,-1186.5,0,TU
-915,-1184,0,TU
-1500,-1183.5,0,TU
-566,-1182,0,TU
-885.5,-1180,0,TU
-992,-1180,0,TU
-1258,-1178,0,TU
-540,-1176.5,0,TU
-1091.5,-1174.5,0,TU
-1150.5,-1172.5,0,TU
-1135,-1171,0,TU
-1166,-1170.5,0,TU
-1239,-1170.5,0,TU
-1116,-1167.5,0,TU
-1200,-1167,0,TU
-926.5,-1164.5,0,TU
-1228,-1164.5,0,TU
-861,-1164.5,0,TU
-1353,-1162,0,TU
-1493.5,-1162,0,TU
-774,-1162,0,TU
-995.5,-1160,0,TU
-1442,-1159.5,0,TU
-533.5,-1159,0,TU
-906.5,-1158.5,0,TU
-943.5,-1158.5,0,TU
-961,-1158,0,TU
-1625,-1157.5,0,TU
-1454.5,-1157,0,TU
-795.5,-1156,0,TU
-820.5,-1155.5,0,TU
-1642.5,-1155.5,0,TU
-495.5,-1154.5,0,TU
-1469.5,-1154.5,0,TU
-1214,-1153,0,TU
-565.5,-1153,0,TU
-1111,-1150.5,0,TU
-1510,-1149.5,0,TU
-992,-1149,0,TU
-1138,-1149,0,TU
-886.5,-1148.5,0,TU
-1089.5,-1148,0,TU
-1183.5,-1147.5,0,TU
-1162,-1144,0,TU
-1027.5,-1143.5,0,TU
-724.5,-1140,0,TU
-914.5,-1140,0,TU
-943.5,-1137,0,TU
-1203.5,-1135.5,0,TU
-545,-1135.5,0,TU
-1281,-1135,0,TU
-1120,-1135,0,TU
-808.5,-1134,0,TU
-1263,-1134,0,TU
-1359,-1131,0,TU
-977,-1131,0,TU
-1246,-1130.5,0,TU
-586,-1130,0,TU
-1428,-1129,0,TU
-826.5,-1128,0,TU
-1415.5,-1122,0,TU
-848,-1118.5,0,TU
-887.5,-1117,0,TU
-1520,-1117,0,TU
-1489.5,-1116,0,TU
-812,-1115,0,TU
-1274,-1114.5,0,TU
-1438,-1111,0,TU
-1188.5,-1110.5,0,TU
-1118.5,-1108,0,TU
-723.5,-1108,0,TU
-1252.5,-1106.5,0,TU
-1152,-1106.5,0,TU
-766.5,-1102,0,TU
-1505.5,-1101.5,0,TU
-680.5,-1099.5,0,TU
-833,-1097.5,0,TU
-1392,-1095,0,TU
-1027.5,-1094.5,0,TU
-421,-1092.5,0,TU
-1262.5,-1091,0,TU
-1193,-1089.5,0,TU
-1244,-1087,0,TU
-853,-1086.5,0,TU
-380,-1085,0,TU
-954,-1084,0,TU
-635,-1083.5,0,TU
-1372.5,-1082,0,TU
-451.5,-1080.5,0,TU
-403.5,-1080.5,0,TU
-1276.5,-1080,0,TU
-1475,-1080,0,TU
-861,-1079.5,0,TU
-559,-1079,0,TU
-819.5,-1078.5,0,TU
-782,-1074.5,0,TU
-1401,-1073.5,0,TU
-975.5,-1073.5,0,TU
-882,-1072.5,0,TU
-329.5,-1071.5,0,TU
-1022,-1071,0,TU
-1177,-1068.5,0,TU
-362.5,-1067,0,TU
-421,-1066.5,0,TU
-1240,-1066.5,0,TU
-309.5,-1065.5,0,TU
-722.5,-1065.5,0,TU
-346,-1065.5,0,TU
-812,-1062.5,0,TU
-295,-1062,0,TU
-376.5,-1061.5,0,TU
-825.5,-1061,0,TU
-843.5,-1061,0,TU
-897.5,-1059,0,TU
-770,-1058,0,TU
-1267,-1057,0,TU
-569.5,-1056.5,0,TU
-339.5,-1056,0,TU
-1430,-1055.5,0,TU
-748.5,-1054,0,TU
-552,-1054,0,TU
-1218,-1052.5,0,TU
-278,-1051.5,0,TU
-254,-1051,0,TU
-784.5,-1050,0,TU
-1016.5,-1050,0,TU
-1395.5,-1049,0,TU
-1332,-1048.5,0,TU
-355,-1048,0,TU
-1412.5,-1048,0,TU
-1572,-1047,0,TU
-473,-1047,0,TU
-310,-1046.5,0,TU
-865.5,-1046,0,TU
-1240,-1044.5,0,TU
-1276,-1044,0,TU
-1452.5,-1042.5,0,TU
-676.5,-1041,0,TU
-975.5,-1041,0,TU
-1554.5,-1039.5,0,TU
-895,-1039,0,TU
-1306.5,-1039,0,TU
-845,-1038.5,0,TU
-831.5,-1038,0,TU
-377,-1037,0,TU
-451,-1036.5,0,TU
-822.5,-1036,0,TU
-1261,-1033.5,0,TU
-337,-1033,0,TU
-401.5,-1032,0,TU
-803,-1031.5,0,TU
-223,-1031,0,TU
-778.5,-1031,0,TU
-1544.5,-1029,0,TU
-1338.5,-1028.5,0,TU
-262,-1028,0,TU
-252,-1027,0,TU
-573,-1026.5,0,TU
-902.5,-1025.5,0,TU
-1237,-1024,0,TU
-279,-1022,0,TU
-481.5,-1022,0,TU
-370.5,-1021,0,TU
-358.5,-1019.5,0,TU
-1314,-1017.5,0,TU
-1266,-1015,0,TU
-587,-1014.5,0,TU
-1047,-1014.5,0,TU
-542,-1013.5,0,TU
-224,-1011,0,TU
-326,-1010.5,0,TU
-382,-1010,0,TU
-814.5,-1008.5,0,TU
-1024.5,-1007.5,0,TU
-165.5,-1007.5,0,TU
-1394,-1005,0,TU
-566.5,-1004.5,0,TU
-1197.5,-1004.5,0,TU
-257.5,-1004,0,TU
-350,-1003.5,0,TU
-1232.5,-1002,0,TU
-787,-1000,0,TU
-189.5,-999.5,0,TU
-1317,-997,0,TU
-1175,-996.5,0,TU
-228,-996,0,TU
-291,-994.5,0,TU
-148.5,-993,0,TU
-1252,-991.5,0,TU
-118.5,-988.5,0,TU
-581.5,-986.5,0,TU
-554,-986,0,TU
-851.5,-983,0,TU
-1281,-980.5,0,TU
-705.5,-980,0,TU
-1381.5,-980,0,TU
-459,-979.5,0,TU
-1207.5,-979.5,0,TU
-1305.5,-974,0,TU
-1338.5,-973.5,0,TU
-1259,-973,0,TU
-182.5,-971,0,TU
-226,-971,0,TU
-1242.5,-968,0,TU
-385.5,-967.5,0,TU
-336,-964.5,0,TU
-459.5,-963.5,0,TU
-748,-963.5,0,TU
-103.5,-963,0,TU
-682.5,-961,0,TU
-1078.5,-960.5,0,TU
-549.5,-959.5,0,TU
-207,-958,0,TU
-299.5,-956.5,0,TU
-990.5,-956,0,TU
-1276.5,-955,0,TU
-113.5,-954.5,0,TU
-73.5,-954,0,TU
-794,-953.5,0,TU
-410,-953.5,0,TU
-1095.5,-953.5,0,TU
-1320,-953,0,TU
-361,-950.5,0,TU
-1294,-950.5,0,TU
-958.5,-950,0,TU
-939,-948,0,TU
-916,-946,0,TU
-710.5,-946,0,TU
-1538,-945.5,0,TU
-261.5,-945.5,0,TU
-134.5,-945,0,TU
-730,-944.5,0,TU
-1114,-942.5,0,TU
-43.5,-942.5,0,TU
-445,-942,0,TU
-421,-941.5,0,TU
-755,-940.5,0,TU
-1050.5,-937.5,0,TU
-1242,-936,0,TU
-330.5,-936,0,TU
-989,-935,0,TU
-811,-932,0,TU
-1029.5,-931.5,0,TU
-903,-930.5,0,TU
-311,-930.5,0,TU
-346.5,-930,0,TU
-399,-924.5,0,TU
-147,-923.5,0,TU
-873,-923,0,TU
-834.5,-923,0,TU
-977,-922,0,TU
-952,-921.5,0,TU
-1526.5,-921.5,0,TU
-1138,-920.5,0,TU
-896.5,-919.5,0,TU
-284.5,-919.5,0,TU
-423,-919,0,TU
-1538.5,-918.5,0,TU
-54,-917.5,0,TU
-1481.5,-916,0,TU
-332.5,-915.5,0,TU
-1019,-915,0,TU
-233.5,-914.5,0,TU
-459,-914,0,TU
-82.5,-912.5,0,TU
-438,-909,0,TU
-395,-908.5,0,TU
-257.5,-907.5,0,TU
-1470,-907.5,0,TU
-920.5,-906,0,TU
-371.5,-905.5,0,TU
-624,-905.5,0,TU
-560,-905.5,0,TU
-938.5,-905,0,TU
10.5,-904.5,0,TU
-286.5,-902.5,0,TU
-1510,-901,0,TU
-609.5,-900.5,0,TU
-305,-900.5,0,TU
-412,-898,0,TU
-40.5,-894,0,TU
-955.5,-893,0,TU
-900.5,-892.5,0,TU
-1113,-892.5,0,TU
-839.5,-890.5,0,TU
-583.5,-890.5,0,TU
-525,-890.5,0,TU
-1462,-888.5,0,TU
-1518,-886.5,0,TU
-878.5,-884.5,0,TU
-494.5,-883,0,TU
-978,-883,0,TU
-29,-881,0,TU
-468.5,-879.5,0,TU
-263,-879.5,0,TU
-539.5,-879.5,0,TU
-145,-878,0,TU
-947,-873,0,TU
-426.5,-873,0,TU
-924,-871.5,0,TU
-1377.5,-870,0,TU
-1471,-869,0,TU
-1504,-868.5,0,TU
-614,-866.5,0,TU
-401,-866,0,TU
-317.5,-865.5,0,TU
-571.5,-864,0,TU
-287,-864,0,TU
-1417,-863.5,0,TU
-233,-862.5,0,TU
-1230.5,-860,0,TU
-555.5,-859,0,TU
-261.5,-858.5,0,TU
-1174.5,-856.5,0,TU
-187.5,-855,0,TU
36.5,-854.5,0,TU
-454.5,-854,0,TU
-1445,-853,0,TU
-553,-852,0,TU
-1352,-852,0,TU
-333.5,-851.5,0,TU
-1143.5,-851,0,TU
-591,-850,0,TU
-481.5,-848,0,TU
-534.5,-847,0,TU
-697,-846.5,0,TU
-779,-844.5,0,TU
-1187.5,-842,0,TU
-1127.5,-841.5,0,TU
-248,-841.5,0,TU
-1231.5,-839.5,0,TU
-142,-837.5,0,TU
-556.5,-833.5,0,TU
2.5,-833.5,0,TU
-969,-832.5,0,TU
-1381,-832,0,TU
-183,-831.5,0,TU
-122,-830,0,TU
-1174.5,-830,0,TU
-1246.5,-829.5,0,TU
-271.5,-828.5,0,TU
-1214,-822.5,0,TU
-1192.5,-822,0,TU
-562.5,-822,0,TU
-1135.5,-821.5,0,TU
-1339,-821,0,TU
-1226.5,-820,0,TU
-151.5,-819,0,TU
-782.5,-819,0,TU
49.5,-818,0,TU
-806,-817,0,TU
-755,-816.5,0,TU
9.5,-816,0,TU
-1171.5,-815,0,TU
-246.5,-815,0,TU
-638,-815,0,TU
-1364,-815,0,TU
-469,-814.5,0,TU
-596.5,-812,0,TU
-403,-812,0,TU
29.5,-810,0,TU
-17.5,-809.5,0,TU
-349,-808,0,TU
-499.5,-805.5,0,TU
-713,-804,0,TU
-1160.5,-804,0,TU
71,-803,0,TU
-1262,-802,0,TU
-1132,-802,0,TU
-1243.5,-800.5,0,TU
-1183,-800,0,TU
-431.5,-799.5,0,TU
4,-799.5,0,TU
-266.5,-799,0,TU
-65.5,-798,0,TU
-623.5,-797.5,0,TU
-306.5,-797,0,TU
-1007.5,-795,0,TU
-465.5,-794,0,TU
-1342,-793.5,0,TU
-1195,-793,0,TU
-3.5,-789.5,0,TU
-396,-789,0,TU
-826,-789,0,TU
-241.5,-787.5,0,TU
-514,-786.5,0,TU
-1362,-786.5,0,TU
-529.5,-784,0,TU
-576,-783.5,0,TU
-278,-782,0,TU
-1387.5,-780.5,0,TU
-252,-779.5,0,TU
-68.5,-779,0,TU
-1341,-779,0,TU
-1311.5,-778.5,0,TU
-29.5,-778.5,0,TU
-987,-777,0,TU
3.5,-776,0,TU
44.5,-776,0,TU
-868.5,-775.5,0,TU
-1241,-774,0,TU
-481,-773.5,0,TU
-450,-773,0,TU
-1300.5,-772.5,0,TU
-1217,-772.5,0,TU
-510.5,-772,0,TU
-338,-771,0,TU
-364.5,-769,0,TU
-1037,-767,0,TU
-1140.5,-764,0,TU
-1017.5,-762.5,0,TU
-268,-762.5,0,TU
-1348.5,-762.5,0,TU
-1367,-761,0,TU
-1162,-761,0,TU
-738,-760.5,0,TU
-1403,-760.5,0,TU
-1097.5,-760,0,TU
-150,-759.5,0,TU
-1274.5,-759.5,0,TU
76.5,-759.5,0,TU
-423,-759,0,TU
-3,-758.5,0,TU
51,-757,0,TU
-1386,-757,0,TU
-1256,-756.5,0,TU
-325,-754,0,TU
-1307.5,-752.5,0,TU
-1070,-750,0,TU
-1290,-749,0,TU
-781,-746,0,TU
-453,-746,0,TU
-823,-745.5,0,TU
-1362.5,-745.5,0,TU
-471.5,-745.5,0,TU
110.5,-742.5,0,TU
-1159,-742,0,TU
-1081.5,-741.5,0,TU
82,-741,0,TU
-392.5,-740.5,0,TU
-1041.5,-739.5,0,TU
-371,-739,0,TU
-716.5,-736.5,0,TU
-12,-736.5,0,TU
-993.5,-736,0,TU
-347.5,-734.5,0,TU
-748,-734.5,0,TU
-1245.5,-734,0,TU
-809,-732,0,TU
-1390.5,-731.5,0,TU
-1311,-730.5,0,TU
-1169.5,-730.5,0,TU
-1294,-729.5,0,TU
-1364.5,-728.5,0,TU
-331.5,-726.5,0,TU
-146,-725.5,0,TU
-683.5,-724.5,0,TU
-1026.5,-724.5,0,TU
-247,-724,0,TU
-1315.5,-723.5,0,TU
106.5,-722.5,0,TU
-1343,-721.5,0,TU
-1327,-721,0,TU
-1360.5,-720,0,TU
83.5,-720,0,TU
-731,-720,0,TU
-1138.5,-719,0,TU
-1380,-718.5,0,TU
-1177.5,-718.5,0,TU
-612.5,-716,0,TU
-311.5,-712.5,0,TU
-454,-712,0,TU
-1156.5,-711.5,0,TU
-125.5,-711,0,TU
-188.5,-709.5,0,TU
-745,-708,0,TU
-1206,-707.5,0,TU
-824.5,-705.5,0,TU
-1331,-705.5,0,TU
-675.5,-704.5,0,TU
-233,-703.5,0,TU
-421.5,-703.5,0,TU
78,-703,0,TU
-704,-701.5,0,TU
-1360,-700.5,0,TU
-36,-698,0,TU
-204,-698,0,TU
103,-697.5,0,TU
-444,-697.5,0,TU
-64.5,-697.5,0,TU
-1282,-697,0,TU
62,-696,0,TU
-757,-695,0,TU
-728,-695,0,TU
-1380.5,-694.5,0,TU
-1245,-694,0,TU
-222,-694,0,TU
-1312,-693.5,0,TU
-1399.5,-691,0,TU
-1214.5,-691,0,TU
-1333,-691,0,TU
-1194.5,-690.5,0,TU
-365.5,-687.5,0,TU
-1009.5,-685.5,0,TU
-1178,-683.5,0,TU
35,-681.5,0,TU
-1361.5,-681.5,0,TU
3.5,-681.5,0,TU
-28,-679.5,0,TU
-1346,-678.5,0,TU
-1238.5,-678.5,0,TU
-1411.5,-678,0,TU
-1153.5,-677.5,0,TU
-983,-676.5,0,TU
-437.5,-676.5,0,TU
-272.5,-674.5,0,TU
99.5,-674.5,0,TU
-389.5,-674.5,0,TU
-200,-673.5,0,TU
-757,-673.5,0,TU
13.5,-671.5,0,TU
-1391,-671,0,TU
-146.5,-671,0,TU
-1328.5,-671,0,TU
-1374,-670.5,0,TU
141,-670,0,TU
62,-668,0,TU
-461,-667.5,0,TU
80.5,-666.5,0,TU
-891,-664.5,0,TU
-1138,-664,0,TU
173.5,-664,0,TU
-1355.5,-663,0,TU
-1018,-662,0,TU
-362.5,-660,0,TU
-183.5,-659,0,TU
-1226,-658.5,0,TU
-1270,-658.5,0,TU
-1195,-658,0,TU
-1312.5,-656.5,0,TU
-114.5,-655,0,TU
-414.5,-654.5,0,TU
-390,-654,0,TU
211,-653.5,0,TU
-1290,-653,0,TU
-91,-653,0,TU
-255,-652,0,TU
-1410,-651.5,0,TU
-284.5,-651,0,TU
-752.5,-650.5,0,TU
-1340,-650.5,0,TU
-138,-649,0,TU
-1382.5,-649,0,TU
37.5,-648.5,0,TU
229,-648.5,0,TU
143,-646,0,TU
-972.5,-645.5,0,TU
-655.5,-645,0,TU
-212,-644.5,0,TU
-1212,-644.5,0,TU
250,-644,0,TU
-426.5,-644,0,TU
-1252.5,-640,0,TU
-737,-640,0,TU
-1359.5,-640,0,TU
-1007.5,-639,0,TU
-1282,-638.5,0,TU
179.5,-636,0,TU
212.5,-634,0,TU
-25.5,-632.5,0,TU
143,-631.5,0,TU
-1331,-629,0,TU
-1061.5,-627.5,0,TU
-436.5,-627.5,0,TU
-686.5,-624.5,0,TU
224.5,-623.5,0,TU
-1302,-621,0,TU
-1388.5,-619,0,TU
75,-619,0,TU
-1019,-618,0,TU
-1365,-616,0,TU
-911.5,-614.5,0,TU
-581,-614,0,TU
172.5,-614,0,TU
-1273,-614,0,TU
-427,-614,0,TU
-1262,-612.5,0,TU
-197,-612,0,TU
-751,-610.5,0,TU
-41,-609.5,0,TU
-102,-609,0,TU
-446.5,-608.5,0,TU
139,-607.5,0,TU
-383,-607,0,TU
213,-604.5,0,TU
239.5,-604,0,TU
-1038,-604,0,TU
-18,-602,0,TU
-893,-599.5,0,TU
200.5,-599,0,TU
9.5,-599,0,TU
-711.5,-598,0,TU
-1157,-598,0,TU
-742.5,-596.5,0,TU
225,-596.5,0,TU
-435.5,-596,0,TU
-967.5,-595.5,0,TU
-1064,-595,0,TU
-195.5,-592.5,0,TU
-1375.5,-591,0,TU
-1130,-591,0,TU
-80.5,-590.5,0,TU
-932.5,-590,0,TU
309.5,-589,0,TU
-314,-589,0,TU
-371,-589,0,TU
-1420.5,-587.5,0,TU
-1399.5,-587,0,TU
-10.5,-586,0,TU
-1098.5,-584.5,0,TU
15.5,-583.5,0,TU
-859,-583.5,0,TU
-597,-583.5,0,TU
-406,-583,0,TU
-903.5,-582.5,0,TU
-168.5,-582.5,0,TU
-339.5,-582.5,0,TU
-1020,-580,0,TU
-1064.5,-579.5,0,TU
-443.5,-579.5,0,TU
230.5,-579,0,TU
-1359,-578,0,TU
208,-576,0,TU
-718.5,-576,0,TU
-57,-575,0,TU
-141,-573,0,TU
-1408,-572.5,0,TU
-845,-571.5,0,TU
329.5,-571.5,0,TU
-478.5,-571,0,TU
-98,-571,0,TU
313.5,-570.5,0,TU
-352.5,-568.5,0,TU
-622.5,-568.5,0,TU
-1,-568,0,TU
-816,-568,0,TU
192.5,-567.5,0,TU
-1039,-567,0,TU
-1117,-566,0,TU
-1321.5,-565.5,0,TU
-173,-563.5,0,TU
334.5,-563,0,TU
-785,-562.5,0,TU
-759.5,-561.5,0,TU
-72.5,-561.5,0,TU
-390,-560.5,0,TU
-808.5,-559,0,TU
346.5,-558,0,TU
171.5,-557,0,TU
-25,-557,0,TU
-511,-556.5,0,TU
-455,-556,0,TU
-370.5,-555,0,TU
-278,-552.5,0,TU
-1427.5,-552,0,TU
381,-551.5,0,TU
-1404.5,-551.5,0,TU
-299.5,-551,0,TU
19,-550.5,0,TU
76.5,-549,0,TU
-875,-548,0,TU
-332.5,-546,0,TU
-99.5,-546,0,TU
-846.5,-545,0,TU
-357,-544.5,0,TU
-434.5,-543.5,0,TU
344,-542.5,0,TU
199,-542,0,TU
-1049,-542,0,TU
55.5,-541.5,0,TU
-242.5,-541.5,0,TU
157.5,-541.5,0,TU
309.5,-541.5,0,TU
1.5,-540.5,0,TU
-61,-540,0,TU
-1272.5,-538,0,TU
326,-537.5,0,TU
-799.5,-536.5,0,TU
-636.5,-536.5,0,TU
-499.5,-536,0,TU
-277.5,-535,0,TU
-1106.5,-535,0,TU
-21,-534.5,0,TU
-434.5,-533.5,0,TU
-457,-533,0,TU
-1182,-532.5,0,TU
-663,-532,0,TU
-779.5,-532,0,TU
-1395.5,-531.5,0,TU
-88,-531.5,0,TU
-317.5,-530,0,TU
-753.5,-530,0,TU
-1424.5,-529,0,TU
-596.5,-529,0,TU
-1202,-527,0,TU
360.5,-527,0,TU
-721,-526.5,0,TU
-303,-526,0,TU
116,-525.5,0,TU
186.5,-522,0,TU
-327.5,-522,0,TU
-27,-521.5,0,TU
56,-521.5,0,TU
-685,-521,0,TU
-349,-520.5,0,TU
-870.5,-520,0,TU
-284.5,-519,0,TU
-706,-518.5,0,TU
402.5,-518,0,TU
-618,-517.5,0,TU
90.5,-517.5,0,TU
-962.5,-517,0,TU
340,-516,0,TU
-1213,-515,0,TU
-943,-514.5,0,TU
-532.5,-514.5,0,TU
-1277.5,-513.5,0,TU
-572.5,-513,0,TU
-1397.5,-512,0,TU
-644.5,-511.5,0,TU
-833,-511,0,TU
-1349,-510.5,0,TU
-263,-510,0,TU
-918.5,-508.5,0,TU
-492.5,-508,0,TU
-671,-507,0,TU
-439.5,-506.5,0,TU
-1325,-506,0,TU
-1296,-505,0,TU
-73,-505,0,TU
46,-504.5,0,TU
367,-504.5,0,TU
-349.5,-504,0,TU
-601.5,-504,0,TU
-325.5,-504,0,TU
-815.5,-503.5,0,TU
169,-503.5,0,TU
-731,-503,0,TU
-1267,-499.5,0,TU
-169.5,-499.5,0,TU
-910,-499,0,TU
-386.5,-498.5,0,TU
-685,-498,0,TU
70.5,-497,0,TU
-642,-497,0,TU
388.5,-496.5,0,TU
-1416.5,-495,0,TU
-130,-494,0,TU
-797.5,-493.5,0,TU
-1113.5,-493,0,TU
96,-492.5,0,TU
-300,-492,0,TU
347,-491,0,TU
410.5,-490.5,0,TU
-339.5,-490.5,0,TU
-57.5,-490,0,TU
-369,-490,0,TU
-877,-490,0,TU
-992,-489.5,0,TU
-625.5,-489.5,0,TU
-897.5,-488.5,0,TU
-697,-487.5,0,TU
-261.5,-487,0,TU
-563,-487,0,TU
-723,-486.5,0,TU
-1034,-484,0,TU
357.5,-483.5,0,TU
52.5,-483,0,TU
-280.5,-482.5,0,TU
-110,-482,0,TU
131,-482,0,TU
-593,-481.5,0,TU
-1194,-481,0,TU
-866,-481,0,TU
367,-480,0,TU
-966.5,-478.5,0,TU
-819.5,-477,0,TU
-1239,-476,0,TU
-853,-475.5,0,TU
-508,-475,0,TU
-454,-473.5,0,TU
-360,-473.5,0,TU
397.5,-473.5,0,TU
105,-473.5,0,TU
-1273,-471.5,0,TU
-258,-471.5,0,TU
-538,-471,0,TU
-1121.5,-470.5,0,TU
41,-470,0,TU
-1074.5,-469,0,TU
-1151.5,-468,0,TU
-330,-467,0,TU
-129.5,-466,0,TU
-1105.5,-465.5,0,TU
422,-465,0,TU
-990,-465,0,TU
-790,-464.5,0,TU
333.5,-464.5,0,TU
-559,-464,0,TU
-34,-463,0,TU
-1086.5,-463,0,TU
-1059.5,-462,0,TU
-954.5,-461.5,0,TU
-95.5,-461,0,TU
-1041,-460.5,0,TU
-825,-460.5,0,TU
-235.5,-460.5,0,TU
368.5,-460,0,TU
-702.5,-459,0,TU
-117.5,-459,0,TU
87,-458,0,TU
-426,-457.5,0,TU
136.5,-457.5,0,TU
-744.5,-457.5,0,TU
-150,-456,0,TU
59,-455,0,TU
-494.5,-454,0,TU
-684,-453,0,TU
386.5,-452,0,TU
177.5,-452,0,TU
120.5,-451.5,0,TU
-1227,-451.5,0,TU
-374.5,-451,0,TU
-343,-450.5,0,TU
-980,-450,0,TU
-305,-450,0,TU
-473,-449.5,0,TU
96.5,-449,0,TU
-278,-449,0,TU
-890,-449,0,TU
-127,-448.5,0,TU
-395,-447.5,0,TU
-1036.5,-447.5,0,TU
-924.5,-447.5,0,TU
-1170.5,-447.5,0,TU
-780,-446,0,TU
-519.5,-446,0,TU
-449.5,-445,0,TU
-1371.5,-445,0,TU
447.5,-444,0,TU
140.5,-444,0,TU
-1421,-444,0,TU
-109.5,-443.5,0,TU
-1008,-443,0,TU
-253,-442,0,TU
419,-442,0,TU
-1131,-441.5,0,TU
-1052.5,-440.5,0,TU
-805.5,-440.5,0,TU
-1241,-440,0,TU
-1093,-438,0,TU
-1073.5,-437.5,0,TU
-134.5,-436.5,0,TU
464,-436.5,0,TU
-1110.5,-436,0,TU
-990.5,-435,0,TU
-528,-435,0,TU
-967,-435,0,TU
51,-434.5,0,TU
-1394,-434.5,0,TU
-1267,-433,0,TU
-342.5,-432.5,0,TU
-296.5,-432,0,TU
-955,-431.5,0,TU
-88,-430.5,0,TU
-1178,-429.5,0,TU
-358,-426.5,0,TU
-1028.5,-426,0,TU
-152.5,-426,0,TU
-246,-425,0,TU
392.5,-424.5,0,TU
128.5,-423.5,0,TU
176,-422.5,0,TU
-920.5,-422.5,0,TU
426,-421.5,0,TU
-1249.5,-421,0,TU
-383,-420.5,0,TU
-436.5,-420,0,TU
-276.5,-419.5,0,TU
-1057,-418,0,TU
-1365.5,-417.5,0,TU
-127.5,-416.5,0,TU
-394,-415.5,0,TU
-1338.5,-415.5,0,TU
-412.5,-415,0,TU
-1428,-415,0,TU
-235,-415,0,TU
-981.5,-414.5,0,TU
-722,-414,0,TU
-109.5,-413.5,0,TU
-533.5,-412.5,0,TU
-1228,-411.5,0,TU
-1166.5,-411.5,0,TU
-6,-410.5,0,TU
86,-409.5,0,TU
466,-409.5,0,TU
-1267,-409,0,TU
-1187,-409,0,TU
-453,-406.5,0,TU
-310.5,-406.5,0,TU
-1035.5,-406.5,0,TU
415.5,-406,0,TU
-74.5,-406,0,TU
-267,-406,0,TU
-606.5,-405,0,TU
-1306,-402,0,TU
-351.5,-402,0,TU
406,-402,0,TU
-965.5,-402,0,TU
-1101,-401.5,0,TU
141,-399.5,0,TU
-176.5,-398.5,0,TU
-285,-398.5,0,TU
-229.5,-398.5,0,TU
-153,-398,0,TU
-1159,-398,0,TU
-22.5,-397.5,0,TU
-254,-397.5,0,TU
383.5,-397.5,0,TU
-372,-395.5,0,TU
-396.5,-395,0,TU
439,-395,0,TU
-91.5,-394.5,0,TU
-315.5,-394,0,TU
-1280,-392,0,TU
-593,-391.5,0,TU
-444.5,-391,0,TU
-1187,-389.5,0,TU
172.5,-389.5,0,TU
-1076.5,-389.5,0,TU
4,-389.5,0,TU
-240.5,-388,0,TU
409,-387,0,TU
-1341.5,-386,0,TU
-117.5,-385.5,0,TU
-272,-384.5,0,TU
-339,-384,0,TU
-623.5,-383,0,TU
-1018.5,-382.5,0,TU
-1391,-381.5,0,TU
153.5,-381,0,TU
127,-380,0,TU
-1044.5,-379.5,0,TU
-576,-378.5,0,TU
452.5,-378,0,TU
-374.5,-377.5,0,TU
-1104.5,-377.5,0,TU
-163.5,-377,0,TU
-456.5,-377,0,TU
-60,-376.5,0,TU
-230.5,-375.5,0,TU
-606.5,-375.5,0,TU
-423.5,-375,0,TU
-1356.5,-375,0,TU
-82,-374.5,0,TU
-439.5,-374,0,TU
-141,-374,0,TU
425,-372,0,TU
-279.5,-371.5,0,TU
-33,-370,0,TU
-654,-368,0,TU
-1185,-367,0,TU
-476.5,-366,0,TU
-300,-365.5,0,TU
-390.5,-365.5,0,TU
405.5,-365.5,0,TU
162.5,-364.5,0,TU
-318,-364,0,TU
-524.5,-362.5,0,TU
-1066.5,-362.5,0,TU
-1246.5,-362,0,TU
-1271,-358.5,0,TU
-588,-358,0,TU
-1025,-358,0,TU
-634,-356.5,0,TU
-266.5,-354.5,0,TU
-1380,-353.5,0,TU
-288,-353,0,TU
-615,-352,0,TU
135.5,-350,0,TU
-763.5,-349,0,TU
-176.5,-348,0,TU
-412.5,-347.5,0,TU
-1039.5,-346.5,0,TU
-660,-346,0,TU
-1306,-346,0,TU
-1364,-345.5,0,TU
-79,-345,0,TU
-386,-344,0,TU
33.5,-343.5,0,TU
-433,-342.5,0,TU
-1019.5,-342,0,TU
-323.5,-342,0,TU
104,-341,0,TU
-29,-338,0,TU
-131,-337,0,TU
-624.5,-335.5,0,TU
-148,-332.5,0,TU
-71.5,-331,0,TU
-1057,-330,0,TU
-1236,-329.5,0,TU
-106,-329.5,0,TU
-482,-328,0,TU
-722,-326.5,0,TU
-44,-326,0,TU
-443.5,-325.5,0,TU
-693.5,-324.5,0,TU
-1020,-324,0,TU
-398,-323.5,0,TU
-1041,-323.5,0,TU
-736,-323,0,TU
-284,-322.5,0,TU
-648,-320.5,0,TU
-1266,-320,0,TU
-313,-317.5,0,TU
-25,-316,0,TU
-380.5,-315.5,0,TU
-164.5,-315.5,0,TU
-622.5,-310.5,0,TU
-1013,-310,0,TU
-358,-308.5,0,TU
-269,-308,0,TU
-747,-308,0,TU
-1035,-307,0,TU
-347.5,-303,0,TU
-659.5,-303,0,TU
53,-301.5,0,TU
-85.5,-300.5,0,TU
-299.5,-299,0,TU
-285,-298,0,TU
-13.5,-297,0,TU
-49.5,-292,0,TU
112.5,-289.5,0,TU
-263,-288.5,0,TU
-32.5,-286.5,0,TU
-111,-284.5,0,TU
-314.5,-283.5,0,TU
-719,-283,0,TU
-1,-282.5,0,TU
32,-280.5,0,TU
-767,-279.5,0,TU
-460,-279.5,0,TU
-606.5,-277,0,TU
-129,-276.5,0,TU
83,-274.5,0,TU
-200,-274.5,0,TU
-274,-274,0,TU
-290.5,-273,0,TU
-225,-272.5,0,TU
-647,-271,0,TU
59.5,-270,0,TU
-403,-270,0,TU
-383.5,-270,0,TU
-331.5,-269,0,TU
-88,-269,0,TU
-346,-266,0,TU
-789,-262,0,TU
44.5,-260,0,TU
-20.5,-260,0,TU
-754,-258.5,0,TU
-691.5,-258.5,0,TU
-275.5,-254,0,TU
-40,-254,0,TU
2.5,-252.5,0,TU
-723,-250.5,0,TU
-246,-248,0,TU
-96,-247.5,0,TU
76,-247.5,0,TU
-176,-246,0,TU
-353.5,-244.5,0,TU
-375,-244,0,TU
276.5,-242.5,0,TU
386.5,-241,0,TU
-399,-238,0,TU
40.5,-237.5,0,TU
-582.5,-237,0,TU
-554,-235.5,0,TU
9,-234.5,0,TU
71.5,-234,0,TU
-743,-233,0,TU
-104.5,-230,0,TU
395,-229.5,0,TU
-70,-229,0,TU
-220,-227.5,0,TU
-407,-225.5,0,TU
-602,-224,0,TU
31,-223.5,0,TU
345.5,-222,0,TU
-122.5,-218.5,0,TU
-538.5,-218,0,TU
-372,-218,0,TU
-329,-217,0,TU
266.5,-216,0,TU
607.5,-215.5,0,TU
405.5,-212.5,0,TU
-312.5,-212,0,TU
-85.5,-208.5,0,TU
325,-207.5,0,TU
-349.5,-207.5,0,TU
-707,-206,0,TU
293.5,-203.5,0,TU
-786.5,-202,0,TU
383.5,-199,0,TU
242,-199,0,TU
-656,-195.5,0,TU
367,-192.5,0,TU
-98.5,-192,0,TU
29,-190.5,0,TU
-366,-188.5,0,TU
341.5,-186,0,TU
-312.5,-184.5,0,TU
-509,-184,0,TU
333,-182.5,0,TU
15,-180.5,0,TU
-24.5,-180.5,0,TU
-537.5,-180,0,TU
713.5,-177.5,0,TU
354.5,-177.5,0,TU
-697.5,-177,0,TU
733.5,-176,0,TU
697.5,-172.5,0,TU
291.5,-172.5,0,TU
-100.5,-172,0,TU
272,-172,0,TU
-726.5,-172,0,TU
-327.5,-171.5,0,TU
-9.5,-171.5,0,TU
-244.5,-170.5,0,TU
215.5,-170.5,0,TU
-275,-170.5,0,TU
247.5,-170,0,TU
352,-165.5,0,TU
-347.5,-165,0,TU
678.5,-163,0,TU
-470.5,-163,0,TU
233,-163,0,TU
50.5,-161,0,TU
-294.5,-158.5,0,TU
555,-157,0,TU
-115,-155.5,0,TU
-54.5,-154.5,0,TU
747,-154,0,TU
-658.5,-152,0,TU
-643.5,-152,0,TU
255,-151.5,0,TU
35,-151.5,0,TU
13,-150,0,TU
-423,-150,0,TU
-68.5,-149.5,0,TU
-336.5,-149,0,TU
332.5,-149,0,TU
-556,-147,0,TU
-701.5,-145.5,0,TU
271.5,-145,0,TU
374,-143,0,TU
217,-143,0,TU
349,-143,0,TU
-630,-143,0,TU
-612,-141,0,TU
-84,-140.5,0,TU
-152.5,-140.5,0,TU
-125,-140,0,TU
-752,-139,0,TU
-444.5,-138,0,TU
295.5,-138,0,TU
58,-137.5,0,TU
-186,-134,0,TU
735,-134,0,TU
-726,-132.5,0,TU
265,-130.5,0,TU
-594,-130,0,TU
559.5,-129.5,0,TU
-8.5,-129,0,TU
48.5,-128,0,TU
24.5,-128,0,TU
-458,-127.5,0,TU
-94.5,-127.5,0,TU
-318,-122.5,0,TU
-30,-121.5,0,TU
-156.5,-121.5,0,TU
240,-120.5,0,TU
361.5,-119.5,0,TU
-412.5,-118,0,TU
726,-116.5,0,TU
-110,-115.5,0,TU
-130,-115.5,0,TU
-59,-113.5,0,TU
-445.5,-112.5,0,TU
-16.5,-111,0,TU
-556.5,-111,0,TU
43.5,-109.5,0,TU
21.5,-106.5,0,TU
574.5,-106,0,TU
656.5,-104.5,0,TU
745.5,-104.5,0,TU
769,-104.5,0,TU
-98,-103.5,0,TU
-467,-102.5,0,TU
3,-101.5,0,TU
269,-101,0,TU
-319,-100.5,0,TU
232,-100.5,0,TU
-14.5,-97,0,TU
-39.5,-96.5,0,TU
-157.5,-94,0,TU
-194,-94,0,TU
-335,-94,0,TU
633.5,-93,0,TU
-119.5,-93,0,TU
-651.5,-91.5,0,TU
214,-91,0,TU
3,-90,0,TU
-463,-90,0,TU
321,-89,0,TU
380,-89,0,TU
-356,-86.5,0,TU
565,-84,0,TU
749.5,-83.5,0,TU
-18,-83,0,TU
-83,-81,0,TU
765.5,-80,0,TU
719.5,-78.5,0,TU
200.5,-78,0,TU
-475.5,-77.5,0,TU
538,-77.5,0,TU
-515,-77,0,TU
-197.5,-77,0,TU
513,-74.5,0,TU
-424,-73.5,0,TU
-240,-71.5,0,TU
5.5,-70,0,TU
236.5,-69.5,0,TU
562.5,-67.5,0,TU
-90,-67,0,TU
627.5,-66.5,0,TU
-43,-63.5,0,TU
-498,-62.5,0,TU
-124.5,-62,0,TU
770,-62,0,TU
-391.5,-59.5,0,TU
742,-59.5,0,TU
650.5,-58.5,0,TU
-10.5,-57.5,0,TU
-62.5,-57,0,TU
-349.5,-56.5,0,TU
582.5,-55,0,TU
545,-54.5,0,TU
344.5,-54,0,TU
-181.5,-52.5,0,TU
18,-50,0,TU
-102.5,-50,0,TU
725,-49.5,0,TU
-654.5,-49.5,0,TU
201,-49.5,0,TU
-43.5,-48.5,0,TU
-251.5,-48.5,0,TU
600.5,-47.5,0,TU
-208,-46.5,0,TU
-793.5,-44.5,0,TU
632.5,-44.5,0,TU
229.5,-43,0,TU
-472.5,-43,0,TU
-364.5,-42.5,0,TU
185,-42.5,0,TU
-76,-42,0,TU
-170.5,-42,0,TU
526.5,-41.5,0,TU
-327,-40,0,TU
-121,-37,0,TU
603,-36.5,0,TU
-231.5,-36,0,TU
569.5,-35.5,0,TU
-424,-35,0,TU
-787.5,-32,0,TU
-347,-31.5,0,TU
321.5,-30.5,0,TU
661.5,-30.5,0,TU
150.5,-29.5,0,TU
-310.5,-28,0,TU
516.5,-27,0,TU
542,-25.5,0,TU
-698.5,-25.5,0,TU
237.5,-25,0,TU
550,-24,0,TU
-65,-24,0,TU
636,-23.5,0,TU
-14.5,-19.5,0,TU
19,-19,0,TU
-119.5,-18,0,TU
715.5,-16.5,0,TU
-724,-16.5,0,TU
558,-14,0,TU
185,-13.5,0,TU
-366,-13.5,0,TU
-567,-10.5,0,TU
-333,-10.5,0,TU
234.5,-7,0,TU
795.5,-7,0,TU
-485.5,-6.5,0,TU
773.5,-6,0,TU
-146,-3.5,0,TU
649,-3,0,TU
600,-1.5,0,TU
624,-1.5,0,TU
-732,-1.5,0,TU
-191.5,-1.5,0,TU
308.5,-1.5,0,TU
5,-1,0,TU
-779,-1,0,TU
-168,0.5,0,TU
-658,1,0,TU
20.5,1,0,TU
-686,1.5,0,TU
-75.5,2,0,TU
-21,4,0,TU
-474.5,4.5,0,TU
-763.5,4.5,0,TU
513.5,4.5,0,TU
-742,5,0,TU
-119.5,5.5,0,TU
-814.5,5.5,0,TU
682,7,0,TU
120,8,0,TU
799,11.5,0,TU
549.5,13.5,0,TU
743.5,16,0,TU
-702.5,16,0,TU
343,16.5,0,TU
-727.5,18,0,TU
299,18,0,TU
714.5,19,0,TU
7.5,19.5,0,TU
692.5,20.5,0,TU
144.5,20.5,0,TU
500.5,21.5,0,TU
-776,22,0,TU
216,22.5,0,TU
-662.5,23,0,TU
812,24.5,0,TU
-48,24.5,0,TU
-806.5,25,0,TU
737,25,0,TU
-7.5,25,0,TU
-752,25,0,TU
-357.5,25.5,0,TU
-482,26,0,TU
104,26.5,0,TU
-228,28,0,TU
666.5,28,0,TU
-78,28.5,0,TU
262,28.5,0,TU
246.5,29.5,0,TU
118,29.5,0,TU
-186,30,0,TU
774,30.5,0,TU
-787.5,31.5,0,TU
632,32,0,TU
282.5,33,0,TU
-711,33,0,TU
791.5,34,0,TU
700,36,0,TU
-160.5,36,0,TU
-24.5,37,0,TU
348.5,37.5,0,TU
7,37.5,0,TU
501.5,38,0,TU
-679,38.5,0,TU
730.5,38.5,0,TU
660,41,0,TU
-445.5,41.5,0,TU
-6,42,0,TU
85,43,0,TU
-341,43.5,0,TU
-807,44.5,0,TU
-545,45.5,0,TU
-740.5,46,0,TU
313,46.5,0,TU
815.5,47.5,0,TU
563,48,0,TU
-772,48,0,TU
-177.5,49,0,TU
756,51,0,TU
507.5,51.5,0,TU
-47,53.5,0,TU
-262.5,54.5,0,TU
-72,54.5,0,TU
-468.5,55,0,TU
715,56.5,0,TU
-664,57.5,0,TU
-708,57.5,0,TU
-787.5,58,0,TU
-6.5,58.5,0,TU
783,58.5,0,TU
243.5,59,0,TU
-753,60.5,0,TU
749.5,62.5,0,TU
-561.5,63,0,TU
270,65,0,TU
-29,66,0,TU
730.5,66,0,TU
-526,66,0,TU
-601.5,66.5,0,TU
-639,67,0,TU
-179.5,68,0,TU
-288.5,68.5,0,TU
384.5,68.5,0,TU
359.5,69,0,TU
511,69.5,0,TU
807,71.5,0,TU
710,73,0,TU
787,73.5,0,TU
-97,74.5,0,TU
544,75,0,TU
-585.5,75.5,0,TU
-422,75.5,0,TU
496,76,0,TU
-152.5,77,0,TU
-502,77.5,0,TU
295.5,79,0,TU
-456.5,80,0,TU
118.5,80.5,0,TU
835.5,80.5,0,TU
-682,81,0,TU
143,81.5,0,TU
-709,81.5,0,TU
-656,81.5,0,TU
-179,83,0,TU
257.5,84.5,0,TU
-534.5,85,0,TU
-55,86,0,TU
787,87,0,TU
562,88.5,0,TU
355.5,88.5,0,TU
509.5,89,0,TU
-563,89,0,TU
-403,91.5,0,TU
703,91.5,0,TU
-753,92,0,TU
-637.5,92.5,0,TU
752.5,93.5,0,TU
395,93.5,0,TU
822,94.5,0,TU
84,95,0,TU
273.5,98.5,0,TU
414,102,0,TU
-16,103,0,TU
128.5,103.5,0,TU
-428,104,0,TU
516,106,0,TU
-117.5,106.5,0,TU
-498,106.5,0,TU
752,107,0,TU
802.5,107,0,TU
-694.5,107.5,0,TU
707,108,0,TU
-198.5,108.5,0,TU
-579.5,108.5,0,TU
-162.5,109.5,0,TU
-557,110.5,0,TU
-669,110.5,0,TU
-607.5,111,0,TU
263.5,112,0,TU
-633.5,112,0,TU
-592.5,112.5,0,TU
-40,113,0,TU
494.5,113.5,0,TU
-517.5,113.5,0,TU
782,114.5,0,TU
101.5,114.5,0,TU
824.5,115.5,0,TU
-9,116,0,TU
15,116.5,0,TU
-534.5,116.5,0,TU
-257,117,0,TU
159.5,118.5,0,TU
-740,119,0,TU
-308.5,120.5,0,TU
252.5,121,0,TU
404.5,121.5,0,TU
761.5,122,0,TU
742,122,0,TU
501.5,122,0,TU
-399,122.5,0,TU
696.5,123,0,TU
530,124,0,TU
483.5,124.5,0,TU
-495.5,126.5,0,TU
726,127.5,0,TU
-700,128,0,TU
-459.5,128,0,TU
809,129,0,TU
-73,129,0,TU
966.5,129,0,TU
148,130.5,0,TU
992,131,0,TU
467.5,132.5,0,TU
383,133,0,TU
-277,133.5,0,TU
-361.5,134.5,0,TU
-555.5,134.5,0,TU
-20,134.5,0,TU
72,137,0,TU
772.5,137,0,TU
-112,137.5,0,TU
-584.5,141,0,TU
488,142,0,TU
103,142,0,TU
-728.5,142,0,TU
346.5,143,0,TU
196.5,145.5,0,TU
-47,146.5,0,TU
-627.5,147,0,TU
-496.5,147.5,0,TU
537,147.5,0,TU
260.5,148,0,TU
-753,148.5,0,TU
806,149.5,0,TU
508.5,152,0,TU
407,152.5,0,TU
-315,153.5,0,TU
976.5,156,0,TU
-663,156,0,TU
754.5,158,0,TU
-265,159,0,TU
-26,160,0,TU
834,160,0,TU
134,160,0,TU
468.5,161,0,TU
989.5,161,0,TU
-720.5,162,0,TU
797,162.5,0,TU
-692.5,162.5,0,TU
-294.5,163,0,TU
-414.5,163.5,0,TU
73,164,0,TU
-677,165,0,TU
102.5,165.5,0,TU
-478.5,165.5,0,TU
846.5,166.5,0,TU
482.5,168,0,TU
251,168.5,0,TU
-594.5,169.5,0,TU
763.5,169.5,0,TU
-142,170,0,TU
584,171.5,0,TU
562,171.5,0,TU
-437,172.5,0,TU
-111,172.5,0,TU
-707.5,173,0,TU
-743,174.5,0,TU
517.5,177,0,TU
279.5,177,0,TU
120,178,0,TU
596.5,178.5,0,TU
-97,179,0,TU
779,180.5,0,TU
-504,182.5,0,TU
-478.5,184,0,TU
5.5,184.5,0,TU
155.5,185,0,TU
806.5,185.5,0,TU
-689.5,185.5,0,TU
-718.5,186,0,TU
-617.5,187,0,TU
406.5,187.5,0,TU
682,189.5,0,TU
-88,190.5,0,TU
707,191.5,0,TU
988,193,0,TU
86.5,193,0,TU
-576,193,0,TU
765,193.5,0,TU
1029.5,197.5,0,TU
-701,197.5,0,TU
483.5,198.5,0,TU
517,199,0,TU
996.5,199.5,0,TU
-286.5,201.5,0,TU
115,202.5,0,TU
809.5,203,0,TU
382.5,204,0,TU
224,204,0,TU
-653,204,0,TU
-610,204.5,0,TU
833.5,205,0,TU
-440.5,205.5,0,TU
-683.5,205.5,0,TU
189.5,206,0,TU
1056,206.5,0,TU
-376.5,208.5,0,TU
-633.5,209,0,TU
-719.5,209.5,0,TU
652.5,210.5,0,TU
-404,210.5,0,TU
-460,212,0,TU
-39.5,212,0,TU
-141,212.5,0,TU
508.5,212.5,0,TU
324,212.5,0,TU
87.5,214,0,TU
-89,216,0,TU
-513,216,0,TU
-303,216.5,0,TU
418,216.5,0,TU
200,216.5,0,TU
-602,217.5,0,TU
-552,219,0,TU
-151,219,0,TU
-566.5,219.5,0,TU
-116.5,219.5,0,TU
747,221.5,0,TU
637.5,221.5,0,TU
-710,222,0,TU
731.5,226,0,TU
846.5,226,0,TU
-481,226.5,0,TU
-22,227,0,TU
-661.5,227,0,TU
491.5,227,0,TU
-260,229.5,0,TU
-278.5,233,0,TU
532,235,0,TU
355,237.5,0,TU
-674.5,238.5,0,TU
241.5,238.5,0,TU
-58.5,239.5,0,TU
410,242,0,TU
-28.5,242.5,0,TU
-595,243,0,TU
-698,244,0,TU
-664,247,0,TU
-550,247.5,0,TU
646.5,247.5,0,TU
-45.5,248.5,0,TU
222,250,0,TU
729.5,251,0,TU
67,253,0,TU
189,253.5,0,TU
-148,254,0,TU
108.5,255.5,0,TU
423,256,0,TU
-69,257,0,TU
874,257.5,0,TU
-354,257.5,0,TU
-211.5,258,0,TU
-108,259,0,TU
281.5,260.5,0,TU
-38,262,0,TU
-232,263.5,0,TU
-465,263.5,0,TU
-668,265.5,0,TU
544.5,265.5,0,TU
-412,266.5,0,TU
-165,268,0,TU
482,270.5,0,TU
200.5,271,0,TU
222.5,272.5,0,TU
-444.5,272.5,0,TU
-333.5,273,0,TU
-638,273.5,0,TU
88,274,0,TU
504.5,274.5,0,TU
636.5,275.5,0,TU
-73,277.5,0,TU
-22.5,278.5,0,TU
-498.5,278.5,0,TU
354.5,278.5,0,TU
4.5,278.5,0,TU
-110.5,279,0,TU
-715.5,281.5,0,TU
-289,283,0,TU
226.5,283,0,TU
-365.5,284,0,TU
868,285,0,TU
392.5,286,0,TU
-43.5,286.5,0,TU
-55,287,0,TU
830.5,287.5,0,TU
-425,287.5,0,TU
-731,290,0,TU
739,290.5,0,TU
-667.5,291.5,0,TU
-698.5,292,0,TU
-78,293.5,0,TU
549,294,0,TU
98,294.5,0,TU
709,295,0,TU
26,295,0,TU
-146.5,295.5,0,TU
518.5,299.5,0,TU
227.5,302.5,0,TU
642,302.5,0,TU
766.5,303,0,TU
-689,303.5,0,TU
-464.5,304,0,TU
-224.5,304,0,TU
476,304.5,0,TU
-264,304.5,0,TU
-538.5,305.5,0,TU
-500.5,306,0,TU
-594,306,0,TU
-203,308,0,TU
-672.5,308,0,TU
823.5,308.5,0,TU
413,310.5,0,TU
998.5,310.5,0,TU
-447,312,0,TU
-277.5,312.5,0,TU
503.5,313,0,TU
-367.5,313,0,TU
-321.5,316,0,TU
-479,316.5,0,TU
-732,317,0,TU
663.5,319,0,TU
482,319.5,0,TU
-641.5,321,0,TU
372.5,321.5,0,TU
522,321.5,0,TU
977,322.5,0,TU
345,323,0,TU
-666.5,324.5,0,TU
761.5,324.5,0,TU
-533,324.5,0,TU
539,325,0,TU
563.5,325.5,0,TU
736.5,325.5,0,TU
-352.5,326,0,TU
-688.5,326.5,0,TU
222.5,327,0,TU
-767,328.5,0,TU
1001.5,329,0,TU
-13.5,330,0,TU
21,330.5,0,TU
965,331,0,TU
-506,332.5,0,TU
-47.5,333,0,TU
907,334,0,TU
398.5,334.5,0,TU
670.5,334.5,0,TU
332.5,335,0,TU
497.5,335.5,0,TU
525,337,0,TU
29,337,0,TU
-469,337.5,0,TU
-291,338,0,TU
-587,339,0,TU
61,340.5,0,TU
-635.5,341.5,0,TU
744.5,342,0,TU
-700,343,0,TU
1152.5,343.5,0,TU
-607.5,343.5,0,TU
-332.5,344,0,TU
-4.5,346,0,TU
973.5,346.5,0,TU
-221,346.5,0,TU
-658.5,347.5,0,TU
-305,348,0,TU
1008,348.5,0,TU
363,349,0,TU
419,349,0,TU
-495.5,349,0,TU
-678,350.5,0,TU
-715,353,0,TU
341.5,354.5,0,TU
523.5,356,0,TU
-575.5,356,0,TU
493,356.5,0,TU
-468.5,357.5,0,TU
746,358,0,TU
-620,359.5,0,TU
-326,359.5,0,TU
391.5,359.5,0,TU
-650.5,360,0,TU
-409,360.5,0,TU
811.5,362,0,TU
674,362,0,TU
-353.5,363,0,TU
-306.5,363.5,0,TU
-15,365.5,0,TU
-637.5,365.5,0,TU
317.5,366,0,TU
-605,367,0,TU
366,371.5,0,TU
989,372,0,TU
957,372,0,TU
423,372.5,0,TU
929,373,0,TU
99.5,373,0,TU
144.5,374.5,0,TU
19,375,0,TU
536.5,376,0,TU
-628.5,376.5,0,TU
565.5,377,0,TU
839,377.5,0,TU
-380,378.5,0,TU
-645,378.5,0,TU
1015.5,379,0,TU
37,379,0,TU
742.5,379.5,0,TU
899.5,379.5,0,TU
817,380.5,0,TU
-664.5,380.5,0,TU
866.5,381,0,TU
164,381,0,TU
-615,382,0,TU
121,385,0,TU
771,385.5,0,TU
583.5,388,0,TU
342,389,0,TU
518.5,389,0,TU
1159,389.5,0,TU
556.5,390.5,0,TU
-623,390.5,0,TU
-14,391.5,0,TU
539.5,391.5,0,TU
-59,391.5,0,TU
14,394,0,TU
483.5,396,0,TU
809.5,396,0,TU
-32,396.5,0,TU
904.5,398,0,TU
-293,398,0,TU
92.5,398,0,TU
-493,401,0,TU
513.5,401.5,0,TU
-634.5,403,0,TU
937.5,404,0,TU
560,405,0,TU
538.5,405.5,0,TU
141.5,405.5,0,TU
-714,406,0,TU
838,406.5,0,TU
949,407.5,0,TU
402,408,0,TU
218,409.5,0,TU
985,410,0,TU
-88.5,410.5,0,TU
-648,411,0,TU
553,412,0,TU
959,413,0,TU
607.5,413,0,TU
38,413.5,0,TU
194,417,0,TU
818.5,418.5,0,TU
-52,419,0,TU
-532.5,419.5,0,TU
363,419.5,0,TU
-327,419.5,0,TU
-22,420,0,TU
847,421.5,0,TU
-287,422,0,TU
-478,422.5,0,TU
20.5,423,0,TU
479,423.5,0,TU
-351.5,423.5,0,TU
448.5,423.5,0,TU
579.5,423.5,0,TU
553.5,424.5,0,TU
536.5,426,0,TU
295,426.5,0,TU
419.5,427,0,TU
973.5,427,0,TU
381,427.5,0,TU
242,428,0,TU
-557,429,0,TU
-105.5,429,0,TU
217.5,430.5,0,TU
0.5,430.5,0,TU
-43.5,431,0,TU
-401,431.5,0,TU
404.5,432,0,TU
688.5,432,0,TU
855.5,432,0,TU
954,433.5,0,TU
-638.5,434,0,TU
931,435,0,TU
123.5,435.5,0,TU
-676,436.5,0,TU
342,437.5,0,TU
-372.5,437.5,0,TU
150,438,0,TU
-292.5,440,0,TU
282.5,440.5,0,TU
1028,442.5,0,TU
507.5,443,0,TU
827.5,444,0,TU
1114.5,444,0,TU
-325.5,445,0,TU
877,445,0,TU
567,446,0,TU
385.5,448.5,0,TU
224.5,449,0,TU
363,449.5,0,TU
448.5,450,0,TU
-351,450.5,0,TU
543.5,451,0,TU
426.5,451,0,TU
408,451.5,0,TU
466,451.5,0,TU
248.5,451.5,0,TU
-562.5,452,0,TU
1.5,452,0,TU
915,453,0,TU
1000.5,453,0,TU
339,454.5,0,TU
1090,454.5,0,TU
-643.5,455,0,TU
528,455.5,0,TU
1059,456,0,TU
-41.5,456,0,TU
-532,456.5,0,TU
-301.5,459,0,TU
1017,460,0,TU
569,460,0,TU
674.5,460.5,0,TU
-394.5,461.5,0,TU
149,461.5,0,TU
496.5,463,0,TU
968,463,0,TU
375,463.5,0,TU
440.5,464.5,0,TU
272.5,465,0,TU
394,467,0,TU
-79,467,0,TU
945,467.5,0,TU
476,468,0,TU
-326.5,468.5,0,TU
-284,469,0,TU
-365,469.5,0,TU
512,469.5,0,TU
-476.5,470.5,0,TU
649,470.5,0,TU
120,471.5,0,TU
330.5,472,0,TU
545,472,0,TU
1105.5,472.5,0,TU
-16.5,473,0,TU
-246,473.5,0,TU
-563.5,474.5,0,TU
690,476.5,0,TU
432,477,0,TU
222.5,477.5,0,TU
-557.5,478,0,TU
1009,479,0,TU
158,480,0,TU
-271,480.5,0,TU
531.5,480.5,0,TU
356.5,481.5,0,TU
240,482.5,0,TU
-529.5,484.5,0,TU
269.5,485,0,TU
863,485,0,TU
567.5,486.5,0,TU
464.5,487.5,0,TU
500.5,488,0,TU
543.5,490,0,TU
1001.5,490,0,TU
-490,491,0,TU
169,491,0,TU
-278,492,0,TU
919.5,492,0,TU
811,492.5,0,TU
676,492.5,0,TU
248.5,496,0,TU
-353.5,497,0,TU
-382,497,0,TU
405.5,498,0,TU
1070,498,0,TU
200,500.5,0,TU
521,500.5,0,TU
378,500.5,0,TU
442.5,501.5,0,TU
1039.5,502,0,TU
774.5,502.5,0,TU
965,503.5,0,TU
-545,504,0,TU
-237,504.5,0,TU
53.5,506.5,0,TU
1024.5,507,0,TU
-311,507.5,0,TU
888,507.5,0,TU
247,508.5,0,TU
665,509.5,0,TU
271.5,512,0,TU
-392,512,0,TU
-56.5,512,0,TU
562.5,513.5,0,TU
988,514.5,0,TU
1087.5,514.5,0,TU
17,515.5,0,TU
286,515.5,0,TU
357,517.5,0,TU
870,517.5,0,TU
-530,517.5,0,TU
1013,518.5,0,TU
165.5,522,0,TU
-406.5,522.5,0,TU
-118,522.5,0,TU
792.5,523,0,TU
32.5,523.5,0,TU
650.5,525,0,TU
443,525.5,0,TU
302,525.5,0,TU
-297,527,0,TU
57.5,528,0,TU
768,528,0,TU
-505.5,529,0,TU
253.5,529.5,0,TU
978,529.5,0,TU
-324,530.5,0,TU
190,531,0,TU
418,532.5,0,TU
-100,532.5,0,TU
-472,536,0,TU
229.5,537.5,0,TU
-84,539.5,0,TU
203.5,539.5,0,TU
-8.5,540,0,TU
639,540.5,0,TU
-418.5,541,0,TU
814,541.5,0,TU
737.5,541.5,0,TU
1014,542,0,TU
170,542.5,0,TU
1067.5,542.5,0,TU
-204.5,543,0,TU
567.5,543,0,TU
396,543,0,TU
790.5,546.5,0,TU
-303.5,547,0,TU
-118,547.5,0,TU
491,548.5,0,TU
368.5,549,0,TU
824.5,549.5,0,TU
516.5,550.5,0,TU
-179,551,0,TU
-234,551.5,0,TU
-391.5,552,0,TU
135,552.5,0,TU
880,554,0,TU
841.5,556.5,0,TU
1046.5,557.5,0,TU
-75,558.5,0,TU
414,560,0,TU
383.5,561,0,TU
169.5,561,0,TU
77,561,0,TU
215,561.5,0,TU
440,565,0,TU
1072.5,565.5,0,TU
535.5,566,0,TU
-113.5,566.5,0,TU
-208,567.5,0,TU
608.5,570.5,0,TU
-468.5,572,0,TU
497,573.5,0,TU
-52,573.5,0,TU
98,576.5,0,TU
-434.5,577,0,TU
977,577.5,0,TU
866.5,579.5,0,TU
157.5,580,0,TU
279,582.5,0,TU
-346,584.5,0,TU
213.5,584.5,0,TU
583,585,0,TU
-448,585.5,0,TU
-273.5,587,0,TU
-93,587,0,TU
1014,587.5,0,TU
1052.5,589.5,0,TU
5.5,590.5,0,TU
133.5,592,0,TU
500.5,593,0,TU
-488.5,595.5,0,TU
-410,595.5,0,TU
614.5,595.5,0,TU
-20.5,596.5,0,TU
-323,597,0,TU
-154.5,598,0,TU
-254.5,598.5,0,TU
-220,598.5,0,TU
543,600,0,TU
1339.5,600,0,TU
367.5,601.5,0,TU
-382.5,603,0,TU
-181,604.5,0,TU
-430.5,604.5,0,TU
298.5,605,0,TU
163.5,605.5,0,TU
257.5,606,0,TU
23,607.5,0,TU
403.5,609.5,0,TU
-451,610,0,TU
-197,610.5,0,TU
967.5,611,0,TU
656,611.5,0,TU
-130,612.5,0,TU
596.5,613,0,TU
-235,613,0,TU
-348.5,615,0,TU
48.5,615,0,TU
274.5,617,0,TU
1325,617.5,0,TU
-82.5,618.5,0,TU
425,619,0,TU
920,619.5,0,TU
-218,619.5,0,TU
357,620,0,TU
323,621,0,TU
128.5,621,0,TU
625.5,621.5,0,TU
952,623,0,TU
766.5,623,0,TU
-148,623.5,0,TU
-402.5,623.5,0,TU
644.5,625.5,0,TU
-281.5,626.5,0,TU
-180,627,0,TU
-166.5,627,0,TU
440,627.5,0,TU
-260,628,0,TU
480,628.5,0,TU
729,629.5,0,TU
671,629.5,0,TU
692,629.5,0,TU
-331,630,0,TU
581.5,632,0,TU
373,632,0,TU
-234.5,632.5,0,TU
403.5,633,0,TU
338.5,633,0,TU
391,633.5,0,TU
598,634,0,TU
302,634,0,TU
359,635,0,TU
176.5,635.5,0,TU
613.5,636,0,TU
-4.5,636,0,TU
948.5,636,0,TU
-204.5,636,0,TU
1320.5,636.5,0,TU
-148.5,636.5,0,TU
-368,637.5,0,TU
-270,638,0,TU
90,639,0,TU
785,639,0,TU
36.5,641.5,0,TU
913,641.5,0,TU
1346,641.5,0,TU
633.5,642.5,0,TU
-190.5,644.5,0,TU
-295,645,0,TU
804.5,645,0,TU
-252,646,0,TU
943.5,647,0,TU
523.5,647,0,TU
-419,647.5,0,TU
145.5,647.5,0,TU
1299,647.5,0,TU
659,649,0,TU
-177.5,649,0,TU
-212,649.5,0,TU
1011.5,650.5,0,TU
67.5,651,0,TU
415.5,652,0,TU
-145,652.5,0,TU
574.5,653,0,TU
487,653,0,TU
696,653,0,TU
374.5,654,0,TU
341,654,0,TU
1317.5,654.5,0,TU
-326.5,656,0,TU
848,656,0,TU
-353.5,656.5,0,TU
750.5,657,0,TU
609,657,0,TU
541.5,657.5,0,TU
47,657.5,0,TU
901,658.5,0,TU
772.5,658.5,0,TU
644,659.5,0,TU
-226,660,0,TU
-241,661,0,TU
450,662,0,TU
-378.5,662.5,0,TU
13,663,0,TU
-307,663.5,0,TU
813,665,0,TU
943.5,665.5,0,TU
-125,666,0,TU
-397.5,666.5,0,TU
168,667,0,TU
1299,668,0,TU
-162,670,0,TU
79.5,671,0,TU
93.5,672,0,TU
416.5,672.5,0,TU
642,673.5,0,TU
39.5,675,0,TU
121.5,676,0,TU
745,676.5,0,TU
766.5,677,0,TU
-364,678,0,TU
624,678,0,TU
232,679,0,TU
359,679.5,0,TU
205,679.5,0,TU
-346.5,679.5,0,TU
477,679.5,0,TU
1304.5,680.5,0,TU
433.5,681,0,TU
830,681.5,0,TU
865.5,681.5,0,TU
661.5,682,0,TU
-272.5,684.5,0,TU
845.5,685,0,TU
787.5,686.5,0,TU
412,686.5,0,TU
1297,691.5,0,TU
390,691.5,0,TU
217.5,692,0,TU
-97.5,694.5,0,TU
866,696.5,0,TU
817,696.5,0,TU
591.5,697.5,0,TU
-128.5,698,0,TU
837,698,0,TU
890.5,698.5,0,TU
759,698.5,0,TU
152,699.5,0,TU
989.5,700,0,TU
629.5,701.5,0,TU
178,703.5,0,TU
194.5,704.5,0,TU
1345.5,709,0,TU
412,709.5,0,TU
728.5,710,0,TU
233,710,0,TU
852,710,0,TU
-167.5,711.5,0,TU
361,712,0,TU
258,712,0,TU
694,712,0,TU
441.5,712.5,0,TU
1314.5,712.5,0,TU
213.5,713,0,TU
1294,715.5,0,TU
979,717,0,TU
868,717.5,0,TU
400,718.5,0,TU
471.5,719,0,TU
837.5,719.5,0,TU
3,720.5,0,TU
-208,721,0,TU
581.5,721.5,0,TU
509.5,724,0,TU
1282,725.5,0,TU
826,725.5,0,TU
891.5,725.5,0,TU
-178,729.5,0,TU
905,730,0,TU
-235,730,0,TU
1334.5,730.5,0,TU
789.5,730.5,0,TU
611.5,731.5,0,TU
813.5,732.5,0,TU
681.5,736.5,0,TU
715,736.5,0,TU
840,737,0,TU
856,737.5,0,TU
977.5,740.5,0,TU
374,740.5,0,TU
1314,743,0,TU
1290,746,0,TU
503,746.5,0,TU
-109.5,747.5,0,TU
389,748,0,TU
412,749,0,TU
541.5,749,0,TU
-5.5,749.5,0,TU
638,751,0,TU
799,752,0,TU
1329.5,752,0,TU
511.5,755,0,TU
719.5,756,0,TU
438.5,757,0,TU
930,759,0,TU
126.5,759.5,0,TU
685.5,761,0,TU
475.5,762,0,TU
607.5,762,0,TU
837.5,765.5,0,TU
68,765.5,0,TU
785.5,767.5,0,TU
756.5,767.5,0,TU
628,768,0,TU
13.5,770,0,TU
1169,770.5,0,TU
180,773,0,TU
675.5,773,0,TU
-258.5,773.5,0,TU
554.5,773.5,0,TU
1218,774,0,TU
147,774.5,0,TU
713.5,774.5,0,TU
938.5,775,0,TU
949.5,776.5,0,TU
420.5,778,0,TU
1202.5,779,0,TU
1145,783.5,0,TU
479,784,0,TU
75,784.5,0,TU
706,785.5,0,TU
745,786.5,0,TU
543,787.5,0,TU
919,788,0,TU
677,791.5,0,TU
549,792,0,TU
1171,792.5,0,TU
762.5,795.5,0,TU
92,796,0,TU
427,799,0,TU
463.5,799.5,0,TU
161,800,0,TU
568.5,800.5,0,TU
395.5,800.5,0,TU
139.5,803,0,TU
719.5,803.5,0,TU
1190.5,803.5,0,TU
1106,804,0,TU
183.5,805,0,TU
-2,805.5,0,TU
446,806,0,TU
635,806,0,TU
218.5,807,0,TU
743.5,808,0,TU
1212.5,808,0,TU
63,809,0,TU
886,809.5,0,TU
1153.5,811,0,TU
917.5,811,0,TU
572,811.5,0,TU
109.5,813.5,0,TU
1187,814,0,TU
1122.5,815.5,0,TU
191,815.5,0,TU
673,817,0,TU
874.5,818,0,TU
762.5,819,0,TU
-30,820.5,0,TU
366,821.5,0,TU
618,822.5,0,TU
475,825,0,TU
240,825.5,0,TU
734.5,828.5,0,TU
435.5,829,0,TU
459,829.5,0,TU
269,829.5,0,TU
884.5,830,0,TU
1135.5,830,0,TU
-16.5,833,0,TU
57.5,833,0,TU
1203,834,0,TU
861,836,0,TU
634,836,0,TU
344,837,0,TU
684,837.5,0,TU
705,838,0,TU
1115,838,0,TU
394.5,839,0,TU
1294,841,0,TU
663,841,0,TU
209,841,0,TU
426,847,0,TU
550,847,0,TU
-31.5,847.5,0,TU
916,848,0,TU
889.5,848,0,TU
741,848.5,0,TU
-5,849.5,0,TU
67,850,0,TU
255,851.5,0,TU
101.5,852,0,TU
706.5,852,0,TU
758.5,854.5,0,TU
719,855,0,TU
687,856,0,TU
605,856.5,0,TU
476,857.5,0,TU
1224,857.5,0,TU
499,858,0,TU
225.5,859,0,TU
-44,860,0,TU
1197.5,860.5,0,TU
175.5,861,0,TU
-23.5,861,0,TU
523.5,862.5,0,TU
206.5,863,0,TU
922.5,863,0,TU
626.5,863.5,0,TU
660.5,864,0,TU
870,866.5,0,TU
11,867,0,TU
78,867,0,TU
338,867.5,0,TU
824,868,0,TU
592,872,0,TU
800,873,0,TU
780,874,0,TU
1180,875.5,0,TU
250,876.5,0,TU
-26,876.5,0,TU
614,877,0,TU
46.5,877.5,0,TU
472.5,878,0,TU
738.5,878,0,TU
769.5,879.5,0,TU
493.5,879.5,0,TU
365,880,0,TU
110,880.5,0,TU
339,886.5,0,TU
221,886.5,0,TU
793.5,887.5,0,TU
698.5,887.5,0,TU
16.5,889,0,TU
505,892.5,0,TU
1174.5,893.5,0,TU
384.5,893.5,0,TU
631.5,895,0,TU
658.5,896,0,TU
678.5,896.5,0,TU
1132,896.5,0,TU
-1.5,896.5,0,TU
124,900,0,TU
607,901,0,TU
357,902.5,0,TU
477,903,0,TU
764.5,903.5,0,TU
-34.5,904,0,TU
147,904.5,0,TU
721.5,905,0,TU
654.5,905.5,0,TU
15.5,907,0,TU
103,908,0,TU
788.5,914,0,TU
1186,914.5,0,TU
690,917,0,TU
376.5,918.5,0,TU
72,920.5,0,TU
340.5,921,0,TU
245,921.5,0,TU
746,922,0,TU
636.5,924,0,TU
1158,926.5,0,TU
1134.5,928.5,0,TU
146,930,0,TU
709.5,930,0,TU
772.5,931,0,TU
27.5,932,0,TU
414,933,0,TU
-34,934,0,TU
499.5,934.5,0,TU
350.5,936,0,TU
376,937,0,TU
287,939.5,0,TU
570.5,940.5,0,TU
1124.5,942.5,0,TU
-6.5,944.5,0,TU
398.5,945,0,TU
124.5,946,0,TU
225,947,0,TU
696,948.5,0,TU
268,950.5,0,TU
1143,951.5,0,TU
71.5,951.5,0,TU
535.5,952.5,0,TU
302.5,953.5,0,TU
346.5,955,0,TU
1095,962,0,TU
219,963,0,TU
145,963,0,TU
445.5,967,0,TU
377.5,968.5,0,TU
115,971.5,0,TU
-67,972,0,TU
192,976.5,0,TU
1124,977,0,TU
475.5,977.5,0,TU
647,980.5,0,TU
74,983,0,TU
524,983.5,0,TU
130,983.5,0,TU
379,984.5,0,TU
429,985,0,TU
489,991,0,TU
412,991.5,0,TU
-6,992,0,TU
166.5,993.5,0,TU
-65,994.5,0,TU
58.5,996,0,TU
119.5,997,0,TU
460,998,0,TU
393,1004.5,0,TU
1237,1007.5,0,TU
273.5,1008,0,TU
546.5,1008,0,TU
510.5,1010,0,TU
208,1012,0,TU
-74.5,1013,0,TU
636,1013.5,0,TU
600,1015,0,TU
319,1017.5,0,TU
170,1018,0,TU
368.5,1018,0,TU
1064.5,1018.5,0,TU
51.5,1020,0,TU
734,1020.5,0,TU
73.5,1021,0,TU
92,1022,0,TU
136,1022,0,TU
222,1022.5,0,TU
397.5,1023,0,TU
550,1026.5,0,TU
289,1027.5,0,TU
19.5,1027.5,0,TU
-11.5,1028,0,TU
109,1030.5,0,TU
240,1035,0,TU
1061.5,1036.5,0,TU
264.5,1037,0,TU
577.5,1041,0,TU
532.5,1041,0,TU
711,1041.5,0,TU
-52.5,1042,0,TU
397.5,1043,0,TU
50,1043,0,TU
123,1043,0,TU
86,1043.5,0,TU
299.5,1044,0,TU
623,1045,0,TU
211.5,1045.5,0,TU
-11,1046.5,0,TU
1068.5,1048,0,TU
1126,1051.5,0,TU
21,1053,0,TU
35.5,1054,0,TU
-21.5,1056,0,TU
358.5,1057,0,TU
322,1058,0,TU
293,1058,0,TU
1052.5,1058.5,0,TU
551,1058.5,0,TU
251,1060.5,0,TU
505.5,1060.5,0,TU
0.5,1061.5,0,TU
417.5,1061.5,0,TU
231,1061.5,0,TU
395,1062.5,0,TU
270,1063.5,0,TU
1035.5,1065,0,TU
106.5,1067,0,TU
1078.5,1067.5,0,TU
570.5,1067.5,0,TU
453,1068,0,TU
164.5,1068.5,0,TU
339.5,1069,0,TU
81.5,1071.5,0,TU
19,1076,0,TU
1138,1076,0,TU
587,1077.5,0,TU
131.5,1077.5,0,TU
1055,1080.5,0,TU
36.5,1080.5,0,TU
1122,1081.5,0,TU
254,1082.5,0,TU
-30,1082.5,0,TU
218,1083.5,0,TU
273.5,1083.5,0,TU
1076.5,1084.5,0,TU
59,1085,0,TU
295,1086.5,0,TU
1275,1088,0,TU
1102,1088.5,0,TU
535.5,1091,0,TU
176.5,1092,0,TU
1068,1094.5,0,TU
1053,1097.5,0,TU
902.5,1098,0,TU
987.5,1098,0,TU
1083.5,1098.5,0,TU
157,1100,0,TU
1132.5,1100.5,0,TU
301,1100.5,0,TU
77.5,1101.5,0,TU
267.5,1102,0,TU
575.5,1102.5,0,TU
1028,1102.5,0,TU
239,1103.5,0,TU
134,1105,0,TU
1281,1106,0,TU
416.5,1107,0,TU
384,1107.5,0,TU
210,1108,0,TU
1105.5,1108.5,0,TU
27.5,1110.5,0,TU
446,1111.5,0,TU
10.5,1112.5,0,TU
1041.5,1113.5,0,TU
315,1114,0,TU
48.5,1115.5,0,TU
910,1115.5,0,TU
1065.5,1117,0,TU
1020.5,1118,0,TU
70,1118,0,TU
979.5,1118.5,0,TU
644.5,1120.5,0,TU
1053,1120.5,0,TU
201,1122,0,TU
106.5,1122,0,TU
963,1124,0,TU
1087,1125,0,TU
270,1126.5,0,TU
632.5,1129.5,0,TU
152.5,1130,0,TU
564.5,1130.5,0,TU
395.5,1130.5,0,TU
526,1131,0,TU
35,1131.5,0,TU
1319,1132,0,TU
1010,1132.5,0,TU
880.5,1132.5,0,TU
944,1133,0,TU
0,1133.5,0,TU
242,1133.5,0,TU
1126,1134,0,TU
1043.5,1135,0,TU
983.5,1135.5,0,TU
54,1136,0,TU
126,1136,0,TU
370,1138.5,0,TU
608.5,1139.5,0,TU
905.5,1139.5,0,TU
226.5,1140.5,0,TU
411.5,1141.5,0,TU
1344.5,1142,0,TU
460.5,1143,0,TU
137,1145,0,TU
91,1145.5,0,TU
200,1147.5,0,TU
1091,1149.5,0,TU
31,1150,0,TU
1055,1150,0,TU
861,1152.5,0,TU
146,1153.5,0,TU
533,1153.5,0,TU
56.5,1155.5,0,TU
638,1155.5,0,TU
1670.5,1156,0,TU
964.5,1156.5,0,TU
1203.5,1157,0,TU
1649,1157,0,TU
232.5,1159,0,TU
198.5,1159,0,TU
909.5,1159.5,0,TU
891.5,1160,0,TU
174.5,1160,0,TU
1387.5,1160.5,0,TU
568.5,1161,0,TU
95.5,1161,0,TU
437.5,1161.5,0,TU
879.5,1162.5,0,TU
993,1163,0,TU
1474.5,1165,0,TU
398,1165.5,0,TU
1315.5,1166,0,TU
1349,1169,0,TU
622.5,1169.5,0,TU
151.5,1173.5,0,TU
855.5,1176.5,0,TU
201.5,1176.5,0,TU
374,1177.5,0,TU
27.5,1178,0,TU
1403,1179,0,TU
1672.5,1179,0,TU
59.5,1179,0,TU
329,1179.5,0,TU
547,1179.5,0,TU
1638.5,1180,0,TU
119,1181.5,0,TU
885.5,1183,0,TU
447.5,1183,0,TU
297.5,1184,0,TU
911,1184.5,0,TU
244,1188.5,0,TU
395.5,1189,0,TU
863,1190.5,0,TU
443,1192,0,TU
576.5,1192,0,TU
190.5,1192.5,0,TU
1660.5,1192.5,0,TU
619,1192.5,0,TU
92.5,1192.5,0,TU
424.5,1194,0,TU
1609.5,1196.5,0,TU
25.5,1198.5,0,TU
1683,1199.5,0,TU
400.5,1200,0,TU
526,1200.5,0,TU
156.5,1201.5,0,TU
590,1201.5,0,TU
474,1203,0,TU
846,1204,0,TU
312.5,1205.5,0,TU
1640,1205.5,0,TU
338.5,1206,0,TU
1552.5,1206.5,0,TU
981.5,1207,0,TU
374,1207.5,0,TU
560.5,1208.5,0,TU
944.5,1212,0,TU
836.5,1213.5,0,TU
598.5,1214,0,TU
273,1215,0,TU
871.5,1216.5,0,TU
53.5,1218.5,0,TU
390.5,1219,0,TU
1665.5,1220,0,TU
1522,1221,0,TU
431.5,1221.5,0,TU
702,1221.5,0,TU
291,1222,0,TU
1195,1223,0,TU
224.5,1227.5,0,TU
588,1228,0,TU
392,1228.5,0,TU
454.5,1229,0,TU
657.5,1230,0,TU
1570.5,1232.5,0,TU
483,1233.5,0,TU
829.5,1233.5,0,TU
1601,1235,0,TU
269.5,1236.5,0,TU
1550,1236.5,0,TU
155,1237,0,TU
306.5,1237.5,0,TU
402,1238.5,0,TU
77,1238.5,0,TU
542.5,1239.5,0,TU
253.5,1240.5,0,TU
858,1240.5,0,TU
343.5,1241.5,0,TU
117.5,1242.5,0,TU
1544,1243.5,0,TU
287.5,1245,0,TU
835.5,1247.5,0,TU
1616.5,1247.5,0,TU
205.5,1247.5,0,TU
417,1247.5,0,TU
703,1248,0,TU
569.5,1248.5,0,TU
383,1248.5,0,TU
1580,1249.5,0,TU
331.5,1249.5,0,TU
589,1251.5,0,TU
1516.5,1252,0,TU
609.5,1252.5,0,TU
670,1254,0,TU
357.5,1256.5,0,TU
190.5,1256.5,0,TU
699,1258,0,TU
321.5,1258,0,TU
271.5,1259.5,0,TU
135.5,1259.5,0,TU
161.5,1259.5,0,TU
634,1260.5,0,TU
248.5,1261,0,TU
1007,1262.5,0,TU
108,1262.5,0,TU
837.5,1263,0,TU
290.5,1263.5,0,TU
555,1265.5,0,TU
227.5,1265.5,0,TU
1543.5,1265.5,0,TU
857.5,1270,0,TU
402.5,1270.5,0,TU
1052,1271,0,TU
375,1273,0,TU
694.5,1274,0,TU
659.5,1274.5,0,TU
180,1274.5,0,TU
349.5,1275,0,TU
681,1275,0,TU
235.5,1276,0,TU
1532.5,1276.5,0,TU
259.5,1277,0,TU
1701,1277,0,TU
160.5,1278.5,0,TU
207.5,1279.5,0,TU
827.5,1281,0,TU
323,1282,0,TU
283,1282.5,0,TU
305.5,1282.5,0,TU
1422,1283,0,TU
240,1283.5,0,TU
949,1284,0,TU
604,1284.5,0,TU
121.5,1285.5,0,TU
481,1286,0,TU
621,1287.5,0,TU
102.5,1288.5,0,TU
697,1289.5,0,TU
874.5,1290,0,TU
652,1290.5,0,TU
1612,1291.5,0,TU
383,1291.5,0,TU
184,1292,0,TU
363.5,1292,0,TU
1019.5,1292,0,TU
342.5,1294,0,TU
803,1294.5,0,TU
322,1297,0,TU
119.5,1297.5,0,TU
1527.5,1298,0,TU
623.5,1299,0,TU
679,1299.5,0,TU
394.5,1300.5,0,TU
968.5,1301,0,TU
267,1301,0,TU
435.5,1301.5,0,TU
246,1303,0,TU
203.5,1304,0,TU
287.5,1306,0,TU
844,1306,0,TU
406.5,1309.5,0,TU
1629,1310.5,0,TU
469.5,1310.5,0,TU
1049,1310.5,0,TU
509,1310.5,0,TU
106,1310.5,0,TU
361.5,1311,0,TU
1500.5,1311,0,TU
866,1312,0,TU
179,1313,0,TU
259,1313,0,TU
999.5,1313,0,TU
221.5,1314.5,0,TU
890.5,1314.5,0,TU
814,1316,0,TU
122.5,1317.5,0,TU
1304,1318,0,TU
377.5,1318,0,TU
163,1318.5,0,TU
459,1320,0,TU
645,1322,0,TU
715,1322.5,0,TU
766.5,1323,0,TU
846,1323.5,0,TU
604,1323.5,0,TU
145,1325,0,TU
1280,1325,0,TU
1065,1326,0,TU
265,1327.5,0,TU
1514,1327.5,0,TU
781,1328,0,TU
441,1330,0,TU
812,1330.5,0,TU
1173,1330.5,0,TU
1651,1332,0,TU
1539,1332,0,TU
194.5,1332.5,0,TU
414.5,1332.5,0,TU
862,1333.5,0,TU
169,1334,0,TU
392,1334.5,0,TU
895.5,1335,0,TU
357,1336,0,TU
962.5,1338.5,0,TU
216.5,1339.5,0,TU
826.5,1340,0,TU
1621,1340.5,0,TU
1679.5,1342.5,0,TU
1185.5,1344.5,0,TU
241.5,1344.5,0,TU
1004.5,1345,0,TU
741,1346,0,TU
659,1346.5,0,TU
969.5,1346.5,0,TU
880.5,1346.5,0,TU
259,1347,0,TU
374.5,1348.5,0,TU
796,1349,0,TU
548,1349.5,0,TU
863,1350.5,0,TU
680.5,1351.5,0,TU
331,1352,0,TU
913,1353,0,TU
713,1355,0,TU
273,1355,0,TU
1110,1356,0,TU
449,1356.5,0,TU
425,1356.5,0,TU
1525.5,1357,0,TU
576,1358.5,0,TU
816.5,1358.5,0,TU
1288,1359,0,TU
292,1359,0,TU
403.5,1359,0,TU
1556,1360,0,TU
230,1360.5,0,TU
176.5,1360.5,0,TU
853.5,1361,0,TU
1652,1361,0,TU
212,1361,0,TU
1608.5,1362.5,0,TU
982,1362.5,0,TU
705,1364.5,0,TU
753,1365,0,TU
673.5,1365,0,TU
892.5,1365.5,0,TU
876,1366.5,0,TU
534,1367.5,0,TU
1691.5,1368.5,0,TU
476.5,1369.5,0,TU
730,1371.5,0,TU
348,1371.5,0,TU
559,1372,0,TU
1767,1372,0,TU
250.5,1373,0,TU
651,1373.5,0,TU
430.5,1374.5,0,TU
1672.5,1375.5,0,TU
501,1375.5,0,TU
394.5,1378,0,TU
225,1378,0,TU
1527,1379,0,TU
1316.5,1379.5,0,TU
1785,1379.5,0,TU
1277.5,1380.5,0,TU
526,1382,0,TU
964,1382,0,TU
742,1382.5,0,TU
1700,1383.5,0,TU
634,1384,0,TU
1644,1384,0,TU
918,1384.5,0,TU
333,1385,0,TU
1028,1385,0,TU
320.5,1385.5,0,TU
677,1385.5,0,TU
567.5,1386,0,TU
763,1386.5,0,TU
610,1387,0,TU
1098.5,1387,0,TU
167,1387,0,TU
879,1387,0,TU
890.5,1387.5,0,TU
214,1387.5,0,TU
1119,1388,0,TU
704.5,1389.5,0,TU
1684.5,1390.5,0,TU
1041.5,1392,0,TU
1623.5,1393,0,TU
723,1394,0,TU
1054.5,1394,0,TU
197.5,1395,0,TU
845,1395.5,0,TU
297,1396,0,TU
482.5,1397.5,0,TU
1084.5,1399,0,TU
1230,1400.5,0,TU
579,1401,0,TU
775,1403,0,TU
606.5,1403.5,0,TU
913.5,1403.5,0,TU
469.5,1403.5,0,TU
1614,1404.5,0,TU
970.5,1406,0,TU
649,1406.5,0,TU
525.5,1407,0,TU
175,1407,0,TU
622.5,1407.5,0,TU
939,1407.5,0,TU
213,1408,0,TU
888,1408.5,0,TU
1669,1409,0,TU
746.5,1409,0,TU
1111.5,1410.5,0,TU
322,1410.5,0,TU
1635.5,1412,0,TU
961,1413,0,TU
130.5,1413.5,0,TU
706.5,1413.5,0,TU
724.5,1415,0,TU
542,1415,0,TU
231,1415.5,0,TU
785.5,1416,0,TU
199,1416.5,0,TU
561.5,1418.5,0,TU
260,1419,0,TU
505,1419.5,0,TU
1204.5,1422.5,0,TU
675.5,1423.5,0,TU
841,1424,0,TU
473.5,1424,0,TU
515.5,1424,0,TU
903.5,1424,0,TU
1648.5,1427.5,0,TU
1682.5,1428,0,TU
611.5,1428.5,0,TU
317.5,1428.5,0,TU
591.5,1430,0,TU
1058,1430.5,0,TU
210,1431,0,TU
1299,1432.5,0,TU
158,1432.5,0,TU
299.5,1434.5,0,TU
1608,1435.5,0,TU
350.5,1436,0,TU
1021,1437,0,TU
1513.5,1438.5,0,TU
238.5,1438.5,0,TU
1722.5,1439,0,TU
184.5,1439.5,0,TU
636.5,1439.5,0,TU
1078,1440,0,TU
1104.5,1440.5,0,TU
860,1441,0,TU
515.5,1441,0,TU
1137.5,1442,0,TU
202,1442,0,TU
936.5,1442.5,0,TU
1316.5,1443,0,TU
1049.5,1444.5,0,TU
581,1445,0,TU
1346,1445.5,0,TU
992.5,1445.5,0,TU
499,1446,0,TU
320.5,1447,0,TU
665.5,1447,0,TU
532.5,1447,0,TU
1254,1449.5,0,TU
144,1451,0,TU
345,1452,0,TU
1783.5,1454,0,TU
1401.5,1455,0,TU
849,1456,0,TU
624.5,1456.5,0,TU
1694,1458.5,0,TU
1732,1459,0,TU
520,1459.5,0,TU
570,1460.5,0,TU
818,1462,0,TU
1014.5,1462.5,0,TU
1559.5,1464.5,0,TU
1368,1465,0,TU
239,1466,0,TU
688.5,1466.5,0,TU
1649,1467,0,TU
1292.5,1467.5,0,TU
1036.5,1468,0,TU
1319.5,1469,0,TU
1765.5,1470,0,TU
722,1470.5,0,TU
1781.5,1471,0,TU
1061.5,1475,0,TU
506.5,1475.5,0,TU
1259.5,1476.5,0,TU
857.5,1477.5,0,TU
597,1478.5,0,TU
812,1478.5,0,TU
645.5,1479,0,TU
1353,1479.5,0,TU
622,1479.5,0,TU
1112.5,1480.5,0,TU
667,1481,0,TU
879.5,1482,0,TU
1297,1487.5,0,TU
1072,1493,0,TU
1717.5,1495,0,TU
1341.5,1495,0,TU
1656.5,1495.5,0,TU
1739.5,1495.5,0,TU
1318.5,1496,0,TU
802.5,1496,0,TU
1022,1497,0,TU
1105,1499,0,TU
1043.5,1499.5,0,TU
949,1500.5,0,TU
652,1501,0,TU
498.5,1502,0,TU
621,1502.5,0,TU
1752.5,1503.5,0,TU
1280.5,1503.5,0,TU
1625,1504.5,0,TU
687,1506,0,TU
811,1506,0,TU
971.5,1506,0,TU
232.5,1506.5,0,TU
1590,1507.5,0,TU
730,1510,0,TU
876.5,1512,0,TU
940.5,1514,0,TU
917,1516.5,0,TU
1301,1518,0,TU
1056,1518.5,0,TU
849,1518.5,0,TU
1320,1518.5,0,TU
660,1519,0,TU
1644,1519.5,0,TU
1134,1520,0,TU
229.5,1521.5,0,TU
937,1522.5,0,TU
965,1525,0,TU
1352,1526.5,0,TU
1430.5,1527.5,0,TU
1277,1527.5,0,TU
689.5,1531,0,TU
1684.5,1533,0,TU
1717,1535,0,TU
467,1535.5,0,TU
1101.5,1536,0,TU
1405.5,1536.5,0,TU
926,1536.5,0,TU
1294.5,1538,0,TU
1026.5,1538.5,0,TU
719,1540.5,0,TU
1069.5,1541.5,0,TU
547,1541.5,0,TU
1545,1541.5,0,TU
871.5,1543,0,TU
1574,1544,0,TU
580,1545,0,TU
1737,1545,0,TU
1430,1547.5,0,TU
952,1548.5,0,TU
903,1552.5,0,TU
923.5,1553.5,0,TU
1745,1553.5,0,TU
693,1554.5,0,TU
1767.5,1555.5,0,TU
470,1555.5,0,TU
1704.5,1555.5,0,TU
446.5,1555.5,0,TU
633.5,1556,0,TU
1408,1557.5,0,TU
487.5,1557.5,0,TU
1018.5,1558.5,0,TU
1051,1558.5,0,TU
866,1560.5,0,TU
1610,1561,0,TU
888,1561.5,0,TU
1094.5,1562,0,TU
1432.5,1563,0,TU
1673,1563.5,0,TU
1290,1566,0,TU
1405,1568,0,TU
1384,1569,0,TU
738,1569,0,TU
1562,1571.5,0,TU
695,1572,0,TU
441.5,1573.5,0,TU
1069,1574,0,TU
870,1574.5,0,TU
720.5,1574.5,0,TU
947.5,1574.5,0,TU
1725.5,1577,0,TU
613.5,1577,0,TU
886,1579.5,0,TU
581.5,1580,0,TU
1364,1580.5,0,TU
1758.5,1582,0,TU
1330,1587,0,TU
920.5,1587,0,TU
1766,1588,0,TU
632.5,1588.5,0,TU
1002,1588.5,0,TU
1183,1589.5,0,TU
1388,1590,0,TU
415,1591.5,0,TU
446.5,1593,0,TU
768.5,1595,0,TU
939,1595.5,0,TU
954,1597,0,TU
1707.5,1597.5,0,TU
694.5,1598,0,TU
729.5,1599.5,0,TU
831.5,1601.5,0,TU
1149,1602.5,0,TU
601,1602.5,0,TU
1067,1604,0,TU
852,1606,0,TU
1476,1606.5,0,TU
1191,1607,0,TU
1773,1607.5,0,TU
1287.5,1608.5,0,TU
1041,1609.5,0,TU
634.5,1610.5,0,TU
1673.5,1611.5,0,TU
897.5,1612.5,0,TU
924,1615,0,TU
415.5,1615,0,TU
783,1615.5,0,TU
1798,1616,0,TU
732,1616.5,0,TU
510.5,1619,0,TU
392.5,1619.5,0,TU
1048.5,1619.5,0,TU
983,1620,0,TU
1311.5,1620,0,TU
652,1620.5,0,TU
1342,1621,0,TU
481,1622,0,TU
1247,1622,0,TU
1486.5,1623,0,TU
899,1624.5,0,TU
1660,1625,0,TU
1577.5,1626.5,0,TU
1030,1627.5,0,TU
1391,1629,0,TU
605.5,1630,0,TU
1519,1630,0,TU
1746,1631.5,0,TU
754.5,1633,0,TU
671.5,1633.5,0,TU
1457,1634.5,0,TU
1503,1636,0,TU
1553,1636,0,TU
1240.5,1636,0,TU
492,1637,0,TU
1411.5,1637.5,0,TU
1768.5,1638,0,TU
1784.5,1639,0,TU
1527.5,1641,0,TU
1682.5,1641.5,0,TU
1284.5,1641.5,0,TU
517,1642.5,0,TU
773.5,1643,0,TU
1050.5,1643,0,TU
648,1645.5,0,TU
1484,1645.5,0,TU
703,1645.5,0,TU
1433,1645.5,0,TU
425,1646,0,TU
885,1646.5,0,TU
1206,1647.5,0,TU
1584.5,1647.5,0,TU
478,1649,0,TU
1024,1649.5,0,TU
916.5,1650,0,TU
454.5,1650,0,TU
1387,1653,0,TU
493.5,1653.5,0,TU
1223,1654.5,0,TU
668.5,1656,0,TU
1003,1656,0,TU
1550.5,1656,0,TU
1328.5,1659,0,TU
1457,1659,0,TU
1261.5,1659.5,0,TU
1239.5,1661,0,TU
1036,1661.5,0,TU
1512.5,1661.5,0,TU
1357.5,1662.5,0,TU
986.5,1663,0,TU
1658.5,1663,0,TU
898.5,1666.5,0,TU
1435.5,1668.5,0,TU
519.5,1669,0,TU
1783.5,1669.5,0,TU
418.5,1672,0,TU
1059,1672.5,0,TU
465,1673,0,TU
1081.5,1673,0,TU
1319,1676.5,0,TU
768.5,1678.5,0,TU
864,1682.5,0,TU
1390,1683,0,TU
604.5,1683.5,0,TU
1669.5,1685,0,TU
1172,1686,0,TU
396,1688,0,TU
717,1688,0,TU
506.5,1688.5,0,TU
1045,1689.5,0,TU
1510,1690,0,TU
628.5,1691.5,0,TU
1336.5,1692,0,TU
1654.5,1692.5,0,TU
453,1693,0,TU
495.5,1694,0,TU
736.5,1694.5,0,TU
479,1696.5,0,TU
662.5,1698.5,0,TU
1347.5,1699.5,0,TU
1454.5,1701,0,TU
834.5,1702,0,TU
771,1702.5,0,TU
1411.5,1703.5,0,TU
1435.5,1704,0,TU
532.5,1705,0,TU
1080.5,1709,0,TU
1679,1709.5,0,TU
1036.5,1710.5,0,TU
1783.5,1712.5,0,TU
802,1714.5,0,TU
503,1716,0,TU
1657,1716.5,0,TU
469.5,1717,0,TU
700,1720,0,TU
745,1721,0,TU
546,1721.5,0,TU
719.5,1725,0,TU
1098,1725.5,0,TU
1024,1726.5,0,TU
1172,1726.5,0,TU
1532,1727.5,0,TU
1436,1727.5,0,TU
859.5,1733.5,0,TU
628.5,1734.5,0,TU
1660,1735.5,0,TU
1416.5,1736,0,TU
832.5,1739,0,TU
1837.5,1739.5,0,TU
1442.5,1740.5,0,TU
919,1742,0,TU
716,1745.5,0,TU
603.5,1746.5,0,TU
575.5,1746.5,0,TU
1032,1747.5,0,TU
1170,1749,0,TU
1742,1749,0,TU
965,1750,0,TU
548,1752.5,0,TU
1196.5,1755,0,TU
898.5,1756,0,TU
1765,1756.5,0,TU
432.5,1756.5,0,TU
870.5,1758,0,TU
1644.5,1758,0,TU
1022.5,1758,0,TU
1537,1759,0,TU
1373,1759.5,0,TU
1423.5,1760,0,TU
647,1764,0,TU
995.5,1764,0,TU
1455.5,1765.5,0,TU
695,1767,0,TU
1044,1772.5,0,TU
1622,1773,0,TU
1242.5,1773,0,TU
1165.5,1773,0,TU
1418,1773.5,0,TU
952.5,1775,0,TU
630,1775,0,TU
1003.5,1776,0,TU
1390.5,1776,0,TU
1657,1777,0,TU
894,1777,0,TU
604.5,1777,0,TU
914,1777.5,0,TU
1188,1777.5,0,TU
579,1777.5,0,TU
934,1779,0,TU
1342,1779,0,TU
1808.5,1780,0,TU
1692.5,1780.5,0,TU
1673.5,1781.5,0,TU
871.5,1783,0,TU
1635,1784,0,TU
1410.5,1785.5,0,TU
1838.5,1787.5,0,TU
1431,1787.5,0,TU
1027,1788,0,TU
1042,1788.5,0,TU
1365.5,1790.5,0,TU
1306.5,1791.5,0,TU
1323,1791.5,0,TU
1656,1792,0,TU
1435.5,1794,0,TU
1188,1794,0,TU
883.5,1795,0,TU
553,1796.5,0,TU
1051.5,1798,0,TU
1337.5,1799,0,TU
1222.5,1799,0,TU
1391.5,1799.5,0,TU
1032,1800,0,TU
908,1801,0,TU
1251,1801.5,0,TU
1474,1802,0,TU
574.5,1802,0,TU
939,1802.5,0,TU
1628,1803,0,TU
1373.5,1803.5,0,TU
599.5,1803.5,0,TU
883.5,1804.5,0,TU
1319,1805,0,TU
1284,1806.5,0,TU
1655.5,1809.5,0,TU
1545,1810,0,TU
1445.5,1810.5,0,TU
1003.5,1811,0,TU
1306,1811.5,0,TU
1419,1812.5,0,TU
1495,1814,0,TU
976.5,1814.5,0,TU
1203,1814.5,0,TU
858.5,1814.5,0,TU
1159,1814.5,0,TU
948.5,1815,0,TU
838,1815.5,0,TU
1024.5,1815.5,0,TU
1516,1816,0,TU
1341,1816,0,TU
1595.5,1818,0,TU
1227,1819.5,0,TU
1648,1821,0,TU
575.5,1822,0,TU
1038,1822,0,TU
555.5,1823,0,TU
1636.5,1823,0,TU
590.5,1823.5,0,TU
1674,1824.5,0,TU
1611.5,1825.5,0,TU
1378,1827,0,TU
1289.5,1827,0,TU
1626.5,1827,0,TU
1323.5,1827,0,TU
454.5,1827,0,TU
1236,1828.5,0,TU
936,1828.5,0,TU
885,1828.5,0,TU
1061.5,1830,0,TU
1087,1830,0,TU
612.5,1830,0,TU
1474,1831.5,0,TU
1400.5,1831.5,0,TU
1254,1832.5,0,TU
1184,1832.5,0,TU
1215.5,1832.5,0,TU
1420.5,1833,0,TU
1535.5,1835,0,TU
1272.5,1835,0,TU
1697.5,1836.5,0,TU
1630.5,1837,0,TU
674.5,1837.5,0,TU
1458,1838,0,TU
1018.5,1838,0,TU
1435,1839.5,0,TU
565,1841,0,TU
588.5,1842,0,TU
958.5,1842.5,0,TU
1648,1844,0,TU
540.5,1844.5,0,TU
990,1844.5,0,TU
1493.5,1845.5,0,TU
1147,1847,0,TU
1036,1847,0,TU
1309.5,1847.5,0,TU
1213,1849.5,0,TU
1471,1850.5,0,TU
1661.5,1851.5,0,TU
1553.5,1853,0,TU
1401.5,1853,0,TU
575,1853.5,0,TU
497.5,1854,0,TU
1609.5,1854.5,0,TU
1534.5,1854.5,0,TU
942,1855,0,TU
1436.5,1855.5,0,TU
1228.5,1855.5,0,TU
1693,1857,0,TU
976.5,1858.5,0,TU
1515.5,1859.5,0,TU
821,1860.5,0,TU
1635.5,1861.5,0,TU
1482,1862,0,TU
1121.5,1863,0,TU
1373.5,1864,0,TU
1306,1864.5,0,TU
1500.5,1864.5,0,TU
1574,1865,0,TU
1066,1867,0,TU
989.5,1867.5,0,TU
535,1867.5,0,TU
1659,1867.5,0,TU
1193.5,1868.5,0,TU
1278.5,1870.5,0,TU
592,1870.5,0,TU
1544,1870.5,0,TU
1266,1871,0,TU
1152.5,1871,0,TU
914,1873.5,0,TU
1459.5,1874.5,0,TU
1218.5,1875.5,0,TU
1400,1876,0,TU
566.5,1876.5,0,TU
1425.5,1877.5,0,TU
1695.5,1878,0,TU
1374.5,1880,0,TU
1758.5,1880,0,TU
635.5,1881.5,0,TU
1244.5,1882,0,TU
1484.5,1884,0,TU
549,1884,0,TU
583.5,1885,0,TU
1310.5,1886,0,TU
1797,1886,0,TU
888,1887,0,TU
1732,1887.5,0,TU
1710,1888,0,TU
1672,1888.5,0,TU
1178,1888.5,0,TU
1518.5,1888.5,0,TU
1148,1889.5,0,TU
655,1891,0,TU
1645,1891,0,TU
990.5,1891.5,0,TU
1229,1893.5,0,TU
1204,1899,0,TU
1368,1899.5,0,TU
1466.5,1900,0,TU
1279.5,1900.5,0,TU
1397.5,1901.5,0,TU
1686,1903,0,TU
593.5,1904,0,TU
848.5,1905,0,TU
1350,1906,0,TU
1310,1907,0,TU
1752,1908,0,TU
1234.5,1908.5,0,TU
880.5,1909,0,TU
1553.5,1909.5,0,TU
1259.5,1910.5,0,TU
643.5,1912,0,TU
1071.5,1914.5,0,TU
565,1915.5,0,TU
924,1917.5,0,TU
541,1917.5,0,TU
1762.5,1924,0,TU
1211,1925,0,TU
608,1925,0,TU
1389.5,1925.5,0,TU
1793,1926.5,0,TU
1456,1927,0,TU
887,1928,0,TU
1363.5,1928.5,0,TU
1339.5,1929,0,TU
1242,1933.5,0,TU
1383,1935,0,TU
1267,1936,0,TU
1537,1937,0,TU
1764,1941,0,TU
1084,1941.5,0,TU
916.5,1943,0,TU
1362.5,1944.5,0,TU
1013.5,1944.5,0,TU
786.5,1947,0,TU
1655,1947,0,TU
1066,1949,0,TU
1383.5,1951.5,0,TU
1215,1952,0,TU
838.5,1954,0,TU
944.5,1954.5,0,TU
1834,1954.5,0,TU
555,1955,0,TU
1519,1960.5,0,TU
542.5,1961,0,TU
1351.5,1962.5,0,TU
1240.5,1964.5,0,TU
1270.5,1964.5,0,TU
1295,1965.5,0,TU
1414,1966.5,0,TU
602,1968.5,0,TU
1553,1971.5,0,TU
789.5,1972,0,TU
1584.5,1972.5,0,TU
1779,1975,0,TU
1034.5,1979.5,0,TU
1336,1979.5,0,TU
902,1981,0,TU
1756,1984,0,TU
823.5,1984,0,TU
979.5,1987,0,TU
1294.5,1988.5,0,TU
780,1989.5,0,TU
1703,1989.5,0,TU
1483.5,1990.5,0,TU
1371,1991,0,TU
1168.5,1992.5,0,TU
1256.5,1992.5,0,TU
887.5,1993.5,0,TU
613,1998,0,TU
1196,1998,0,TU
586,1998,0,TU
1396.5,1998.5,0,TU
795,1998.5,0,TU
1841.5,1999,0,TU
950.5,2000,0,TU
1422,2000,0,TU
1811,2002.5,0,TU
1572,2003.5,0,TU
1535.5,2003.5,0,TU
1034.5,2005,0,TU
768.5,2005,0,TU
1019,2009.5,0,TU
594.5,2010.5,0,TU
1236,2011.5,0,TU
999.5,2012.5,0,TU
1605,2014,0,TU
1170.5,2016.5,0,TU
894.5,2016.5,0,TU
1580.5,2018.5,0,TU
1339.5,2018.5,0,TU
1065,2019.5,0,TU
1422.5,2020,0,TU
923.5,2020,0,TU
1450.5,2021,0,TU
1046,2021.5,0,TU
869,2026,0,TU
1508.5,2027,0,TU
1294.5,2028.5,0,TU
1193,2028.5,0,TU
1560,2029.5,0,TU
1031.5,2029.5,0,TU
1482.5,2029.5,0,TU
1834,2030,0,TU
1162,2032,0,TU
1801.5,2032,0,TU
752,2034.5,0,TU
1328,2035,0,TU
1528.5,2035,0,TU
1056,2041,0,TU
1586,2042.5,0,TU
1008,2043,0,TU
910,2043,0,TU
1417,2043.5,0,TU
1507,2045,0,TU
1307,2045.5,0,TU
1794.5,2045.5,0,TU
888,2045.5,0,TU
1623,2047.5,0,TU
1824.5,2047.5,0,TU
1445.5,2049,0,TU
1754.5,2052.5,0,TU
1555,2054,0,TU
1481,2054.5,0,TU
1490,2056,0,TU
1677.5,2057,0,TU
1511.5,2057,0,TU
1122,2058,0,TU
1214.5,2058.5,0,TU
1706.5,2059,0,TU
1399,2059.5,0,TU
1529.5,2060,0,TU
1182,2063.5,0,TU
1543,2064,0,TU
1305.5,2064,0,TU
1228,2067.5,0,TU
1585,2068,0,TU
1789.5,2069.5,0,TU
736.5,2071,0,TU
750,2072,0,TU
1249,2073,0,TU
1295.5,2073.5,0,TU
1361,2074.5,0,TU
1807.5,2076.5,0,TU
1519,2078,0,TU
1092,2078,0,TU
1062,2081,0,TU
1740,2081.5,0,TU
775.5,2083,0,TU
1383,2085,0,TU
1187.5,2086,0,TU
1226,2086.5,0,TU
1206.5,2087,0,TU
937,2087.5,0,TU
1715.5,2088.5,0,TU
1691,2089,0,TU
1505,2090,0,TU
1319,2091,0,TU
751.5,2092,0,TU
880,2092,0,TU
1278,2093,0,TU
1262,2093,0,TU
1077,2095,0,TU
829.5,2096.5,0,TU
853.5,2098,0,TU
1130,2099,0,TU
1299.5,2099.5,0,TU
1108.5,2099.5,0,TU
1189.5,2101,0,TU
872,2104.5,0,TU
1242,2106.5,0,TU
1062.5,2106.5,0,TU
1171.5,2107,0,TU
1455,2107.5,0,TU
774.5,2110.5,0,TU
921.5,2111,0,TU
1101.5,2111.5,0,TU
1076.5,2116.5,0,TU
1214.5,2117,0,TU
904.5,2120.5,0,TU
861.5,2121,0,TU
1118,2122,0,TU
726,2122.5,0,TU
973,2124,0,TU
1259.5,2124.5,0,TU
1330,2125,0,TU
821.5,2125.5,0,TU
880.5,2129,0,TU
852,2134,0,TU
1106,2134,0,TU
1060.5,2134,0,TU
830,2140,0,TU
1448,2140.5,0,TU
911,2141,0,TU
1389.5,2143,0,TU
1555,2144,0,TU
1168,2150,0,TU
1507.5,2150.5,0,TU
846.5,2154.5,0,TU
1351.5,2155,0,TU
869,2155.5,0,TU
926,2155.5,0,TU
1324.5,2156.5,0,TU
1563.5,2159,0,TU
1202.5,2160,0,TU
779.5,2162,0,TU
1431.5,2163.5,0,TU
1765.5,2163.5,0,TU
1230.5,2165,0,TU
1590.5,2165.5,0,TU
1258,2167.5,0,TU
1744,2171,0,TU
993.5,2174,0,TU
836,2179.5,0,TU
1365,2184,0,TU
807,2186,0,TU
923.5,2187.5,0,TU
1169,2193.5,0,TU
1603.5,2198.5,0,TU
1143,2198.5,0,TU
1418.5,2201.5,0,TU
789,2202,0,TU
1467.5,2203.5,0,TU
1228,2203.5,0,TU
1486.5,2205.5,0,TU
1028,2206.5,0,TU
1352.5,2207,0,TU
848.5,2207.5,0,TU
823.5,2211.5,0,TU
1446.5,2211.5,0,TU
1327.5,2212,0,TU
1175.5,2213.5,0,TU
1262,2218.5,0,TU
1630,2222,0,TU
1466.5,2224,0,TU
787.5,2230.5,0,TU
1347.5,2232,0,TU
1233,2232.5,0,TU
1408.5,2234,0,TU
1476.5,2234.5,0,TU
990,2235.5,0,TU
934.5,2240,0,TU
1317.5,2241,0,TU
1498.5,2242,0,TU
1671,2244,0,TU
1435,2244.5,0,TU
804.5,2246.5,0,TU
1213.5,2247.5,0,TU
1451,2247.5,0,TU
1351.5,2250.5,0,TU
1462,2251,0,TU
1623.5,2252.5,0,TU
1418,2254,0,TU
920.5,2256.5,0,TU
885,2257,0,TU
947,2260.5,0,TU
1521,2262,0,TU
1409,2269,0,TU
899,2271.5,0,TU
952.5,2275.5,0,TU
1431,2278.5,0,TU
908,2279.5,0,TU
1651,2281,0,TU
1616.5,2282,0,TU
1474.5,2282.5,0,TU
1404,2287.5,0,TU
1494.5,2289,0,TU
1010.5,2290.5,0,TU
1416,2298,0,TU
1395.5,2298,0,TU
979.5,2301,0,TU
907.5,2301.5,0,TU
1571,2303.5,0,TU
1434.5,2306,0,TU
1327,2307,0,TU
1310,2308,0,TU
891.5,2310,0,TU
1353.5,2314.5,0,TU
1387.5,2315,0,TU
1374,2317.5,0,TU
935.5,2320,0,TU
1482.5,2323,0,TU
1412.5,2323.5,0,TU
1577,2326.5,0,TU
1322,2328.5,0,TU
932.5,2330.5,0,TU
883.5,2332,0,TU
905.5,2338,0,TU
1334,2339,0,TU
1428,2340.5,0,TU
859,2341.5,0,TU
1549.5,2341.5,0,TU
1000.5,2346,0,TU
956.5,2347,0,TU
1305,2347.5,0,TU
1366,2347.5,0,TU
1245,2350.5,0,TU
937,2351,0,TU
1470,2351.5,0,TU
918,2352.5,0,TU
1570,2353.5,0,TU
1585,2354.5,0,TU
972.5,2356,0,TU
1385.5,2356,0,TU
1504,2357,0,TU
1257.5,2361,0,TU
1349,2362.5,0,TU
1328,2363.5,0,TU
1445,2365,0,TU
1295.5,2368,0,TU
1367,2370.5,0,TU
1519.5,2371.5,0,TU
1417,2383.5,0,TU
1393.5,2385,0,TU
1260,2387.5,0,TU
1445,2388.5,0,TU
1353,2390.5,0,TU
1429,2391.5,0,TU
1375.5,2396,0,TU
1171,2401.5,0,TU
1475,2402.5,0,TU
1147,2406.5,0,TU
1400,2407.5,0,TU
1304,2410,0,TU
1431,2413,0,TU
1364,2414,0,TU
1018,2416,0,TU
1162.5,2418,0,TU
1246,2418.5,0,TU
1266.5,2421,0,TU
1296,2426.5,0,TU
1022,2432.5,0,TU
1162,2433.5,0,TU
1242.5,2436.5,0,TU
1352,2437.5,0,TU
1379,2445.5,0,TU
1331,2446,0,TU
1268,2448,0,TU
1188.5,2449,0,TU
1228,2450,0,TU
1211,2453,0,TU
1308.5,2459.5,0,TU
1177,2462.5,0,TU
-1257.5,-2029.5,0,Mph_TU
-1236.5,-2027.5,0,Mph_TU
-1226.5,-2009,0,Mph_TU
-1249.5,-2006,0,Mph_TU
-1218,-1994,0,Mph_TU
-1217,-1912.5,0,Mph_TU
-1114.5,-1784.5,0,Mph_TU
-1144,-1750,0,Mph_TU
-1210.5,-1613,0,Mph_TU
-1198,-1607,0,Mph_TU
-1249.5,-1593.5,0,Mph_TU
-767,-1590.5,0,Mph_TU
-1194,-1595.5,0,Mph_TU
-1233,-1592,0,Mph_TU
-460.5,-1273.5,0,Mph_TU
-392,-1059.5,0,Mph_TU
-412,-1040.5,0,Mph_TU
-372.5,-1049.5,0,Mph_TU
-433.5,-1047,0,Mph_TU
-303.5,-1035,0,Mph_TU
-305,-1023.5,0,Mph_TU
-434,-1022,0,Mph_TU
-400.5,-998,0,Mph_TU
-319.5,-999.5,0,Mph_TU
-436.5,-994,0,Mph_TU
-182.5,-990,0,Mph_TU
-268.5,-969.5,0,Mph_TU
-450,-794.5,0,Mph_TU
-1630.5,-2382.5,0,Mph_TU
-1685.5,-2371,0,Mph_TU
-1643.5,-2366,0,Mph_TU
-1653.5,-2344,0,Mph_TU
-1567.5,-2331,0,Mph_TU
-1690.5,-2316,0,Mph_TU
-1586,-2310.5,0,Mph_TU
-1674.5,-2239,0,Mph_TU
-1527.5,-2233,0,Mph_TU
-1664.5,-2217.5,0,Mph_TU
-1470.5,-2200,0,Mph_TU
-1695.5,-2204.5,0,Mph_TU
-1528,-2198.5,0,Mph_TU
-1655.5,-2192,0,Mph_TU
-1701.5,-2183.5,0,Mph_TU
-1622.5,-2179.5,0,Mph_TU
-1643,-2173,0,Mph_TU
-1683,-2134.5,0,Mph_TU
-1682.5,-2114.5,0,Mph_TU
-1721.5,-2066.5,0,Mph_TU
-1681.5,-2052,0,Mph_TU
-1715,-2051,0,Mph_TU
-1729,-2037,0,Mph_TU
-1698,-2040,0,Mph_TU
-1652,-2038.5,0,Mph_TU
-1581.5,-2042,0,Mph_TU
-1585,-2018.5,0,Mph_TU
-1742,-2006.5,0,Mph_TU
-1673.5,-2010.5,0,Mph_TU
-1556.5,-1967.5,0,Mph_TU
-1491.5,-1963.5,0,Mph_TU
-1574.5,-1951,0,Mph_TU
-1476,-1942,0,Mph_TU
-1681,-1950.5,0,Mph_TU
-1615.5,-1936.5,0,Mph_TU
-1743.5,-1922.5,0,Mph_TU
-1549,-1930,0,Mph_TU
-1626.5,-1920,0,Mph_TU
-1564,-1918.5,0,Mph_TU
-1602,-1914.5,0,Mph_TU
-1634,-1901,0,Mph_TU
-1561.5,-1903.5,0,Mph_TU
-1659.5,-1902,0,Mph_TU
-1569,-1891,0,Mph_TU
-1606,-1895,0,Mph_TU
-1628,-1876,0,Mph_TU
-1663,-1872.5,0,Mph_TU
-1603.5,-1858,0,Mph_TU
-1626,-1852.5,0,Mph_TU
-1659.5,-1843,0,Mph_TU
-1599.5,-1837,0,Mph_TU
-1629,-1830.5,0,Mph_TU
-1583.5,-1819,0,Mph_TU
-1610.5,-1818.5,0,Mph_TU
-1639,-1818,0,Mph_TU
-1624.5,-1802,0,Mph_TU
-1559.5,-1794,0,Mph_TU
-1445.5,-1780.5,0,Mph_TU
-1835,-1761,0,Mph_TU
-1739.5,-1761.5,0,Mph_TU
-1798,-1756,0,Mph_TU
-1572.5,-1750,0,Mph_TU
-1840.5,-1703.5,0,Mph_TU
-1485,-1708,0,Mph_TU
-1491.5,-1699,0,Mph_TU
-1478,-1690.5,0,Mph_TU
-1453.5,-1688,0,Mph_TU
-1338.5,-1681,0,Mph_TU
-1469,-1677.5,0,Mph_TU
-1489,-1657.5,0,Mph_TU
-1682,-1667,0,Mph_TU
-1727,-1657,0,Mph_TU
-1469,-1655,0,Mph_TU
-1816,-1650.5,0,Mph_TU
-1338,-1636.5,0,Mph_TU
-1470,-1628.5,0,Mph_TU
-1707,-1637,0,Mph_TU
-1741,-1613.5,0,Mph_TU
-1818.5,-1597.5,0,Mph_TU
-1554.5,-1578,0,Mph_TU
-1720.5,-1568,0,Mph_TU
-1567.5,-1563.5,0,Mph_TU
-1685.5,-1560,0,Mph_TU
-1541.5,-1562.5,0,Mph_TU
-1720.5,-1542.5,0,Mph_TU
-1545,-1539,0,Mph_TU
-1593,-1543.5,0,Mph_TU
-1568,-1543,0,Mph_TU
-1469.5,-1543.5,0,Mph_TU
-1557,-1530,0,Mph_TU
-1576,-1518.5,0,Mph_TU
-1602,-1529,0,Mph_TU
-1790,-1521.5,0,Mph_TU
-1468,-1513.5,0,Mph_TU
-1282.5,-1512,0,Mph_TU
-1305,-1503,0,Mph_TU
-1552,-1507.5,0,Mph_TU
-1393.5,-1498.5,0,Mph_TU
-1590.5,-1500,0,Mph_TU
-1500,-1488,0,Mph_TU
-1546.5,-1479.5,0,Mph_TU
-1588,-1485,0,Mph_TU
-1557,-1472.5,0,Mph_TU
-1755,-1456.5,0,Mph_TU
-1544,-1446,0,Mph_TU
-1697.5,-1449,0,Mph_TU
-1517,-1450.5,0,Mph_TU
-1677.5,-1442.5,0,Mph_TU
-1651.5,-1434.5,0,Mph_TU
-1380.5,-1428.5,0,Mph_TU
-1519,-1430.5,0,Mph_TU
-1487,-1428,0,Mph_TU
-1719,-1420.5,0,Mph_TU
-1609,-1411,0,Mph_TU
-1653.5,-1400,0,Mph_TU
-1682,-1396,0,Mph_TU
-1496.5,-1392.5,0,Mph_TU
-1554.5,-1386,0,Mph_TU
-1633.5,-1362,0,Mph_TU
-1589.5,-1356,0,Mph_TU
-1713,-1327,0,Mph_TU
-1361.5,-1317,0,Mph_TU
-1689.5,-1286,0,Mph_TU
-1477.5,-1283,0,Mph_TU
-1645,-1271,0,Mph_TU
-1523.5,-1265.5,0,Mph_TU
-1687,-1264.5,0,Mph_TU
-1603,-1248,0,Mph_TU
-1684,-1232,0,Mph_TU
-1404,-1242.5,0,Mph_TU
-1520.5,-1223,0,Mph_TU
-1572.5,-1232.5,0,Mph_TU
-1477.5,-1219,0,Mph_TU
-1598.5,-1209,0,Mph_TU
-1426,-1218,0,Mph_TU
-1564,-1204.5,0,Mph_TU
-1469.5,-1206,0,Mph_TU
-1605,-1205,0,Mph_TU
-1510.5,-1203,0,Mph_TU
-1630.5,-1194.5,0,Mph_TU
-1490,-1203.5,0,Mph_TU
-1391.5,-1181.5,0,Mph_TU
-1615.5,-1182.5,0,Mph_TU
-1537,-1172.5,0,Mph_TU
-1438,-1181.5,0,Mph_TU
-1513,-1172,0,Mph_TU
-1579,-1161.5,0,Mph_TU
-1422.5,-1173,0,Mph_TU
-1558,-1150,0,Mph_TU
-1420.5,-1146,0,Mph_TU
-1483.5,-1145,0,Mph_TU
-1444,-1144.5,0,Mph_TU
-1548,-1140,0,Mph_TU
-1491,-1134.5,0,Mph_TU
-1514.5,-1136.5,0,Mph_TU
-1459,-1126,0,Mph_TU
-1536.5,-1121,0,Mph_TU
-1556.5,-1116.5,0,Mph_TU
-1595,-1125,0,Mph_TU
-1503,-1114.5,0,Mph_TU
-1474,-1108.5,0,Mph_TU
-1596,-1097,0,Mph_TU
-1411.5,-1100,0,Mph_TU
-1493,-1100,0,Mph_TU
-1452.5,-1098,0,Mph_TU
-1559.5,-1102,0,Mph_TU
-1522,-1085.5,0,Mph_TU
-1431,-1093.5,0,Mph_TU
-1575,-1098,0,Mph_TU
-1501.5,-1073,0,Mph_TU
-1440.5,-1087,0,Mph_TU
-1574.5,-1075.5,0,Mph_TU
-1447,-1069.5,0,Mph_TU
-1541,-1079,0,Mph_TU
-1556.5,-1065,0,Mph_TU
-1529.5,-1059,0,Mph_TU
-1523,-1027,0,Mph_TU
-1486,-1042.5,0,Mph_TU
-1451,-1017,0,Mph_TU
-1505,-1018,0,Mph_TU
-1479.5,-1007,0,Mph_TU
-1416.5,-996.5,0,Mph_TU
-1505.5,-968.5,0,Mph_TU
-1470,-958,0,Mph_TU
-1527,-962.5,0,Mph_TU
-1448.5,-954,0,Mph_TU
-1504,-947,0,Mph_TU
-1496.5,-935.5,0,Mph_TU
-1512.5,-921.5,0,Mph_TU
-1442.5,-880.5,0,Mph_TU
-1211.5,-1549,0,Mph_TU
-757.5,-1549.5,0,Mph_TU
-618,-1497.5,0,Mph_TU
-1240,-1513,0,Mph_TU
-1238.5,-1476.5,0,Mph_TU
-1016.5,-1427,0,Mph_TU
-934,-1433.5,0,Mph_TU
-882.5,-1421.5,0,Mph_TU
-1128,-1353.5,0,Mph_TU
-892.5,-1344.5,0,Mph_TU
-692,-1352,0,Mph_TU
-909,-1340.5,0,Mph_TU
-698.5,-1323,0,Mph_TU
-1194,-1316.5,0,Mph_TU
-1082,-1293.5,0,Mph_TU
-474.5,-1290.5,0,Mph_TU
-481,-1271.5,0,Mph_TU
-687,-1266,0,Mph_TU
-594,-1246.5,0,Mph_TU
-819.5,-1231.5,0,Mph_TU
-530,-1216,0,Mph_TU
-530.5,-1192,0,Mph_TU
-750.5,-1182,0,Mph_TU
-1067,-1170.5,0,Mph_TU
-508,-1171,0,Mph_TU
-1180,-1163,0,Mph_TU
-974,-1148.5,0,Mph_TU
-755,-1141.5,0,Mph_TU
-659.5,-1140,0,Mph_TU
-1002.5,-1136,0,Mph_TU
-1190,-1130.5,0,Mph_TU
-517.5,-1128,0,Mph_TU
-1164,-1129.5,0,Mph_TU
-1073,-1123,0,Mph_TU
-489.5,-1120,0,Mph_TU
-994,-1109.5,0,Mph_TU
-1081.5,-1107,0,Mph_TU
-1162.5,-1093,0,Mph_TU
-797.5,-1100,0,Mph_TU
-1220.5,-1085,0,Mph_TU
-1000.5,-1079,0,Mph_TU
-799.5,-1073.5,0,Mph_TU
-961.5,-1074,0,Mph_TU
-694.5,-1079.5,0,Mph_TU
-755.5,-1073.5,0,Mph_TU
-1050.5,-1075,0,Mph_TU
-1072,-1069.5,0,Mph_TU
-1195.5,-1047.5,0,Mph_TU
-599.5,-1053.5,0,Mph_TU
-1096,-1038,0,Mph_TU
-708,-1041,0,Mph_TU
-1063.5,-1044.5,0,Mph_TU
-1031.5,-1042.5,0,Mph_TU
-1078,-1019.5,0,Mph_TU
-996,-1000.5,0,Mph_TU
-1074.5,-980.5,0,Mph_TU
-721.5,-966.5,0,Mph_TU
-580.5,-949.5,0,Mph_TU
-1201,-945.5,0,Mph_TU
-674,-944,0,Mph_TU
-854.5,-939.5,0,Mph_TU
-714.5,-925.5,0,Mph_TU
-587.5,-922.5,0,Mph_TU
-653.5,-925.5,0,Mph_TU
-929.5,-922,0,Mph_TU
-1216,-919.5,0,Mph_TU
-909.5,-881.5,0,Mph_TU
-1192.5,-863.5,0,Mph_TU
-1204.5,-841.5,0,Mph_TU
-529,-814,0,Mph_TU
-1006.5,-815.5,0,Mph_TU
-489,-823.5,0,Mph_TU
-1356.5,-473.5,0,Mph_TU
694,-111,0,Mph_TU
708,-84,0,Mph_TU
-474.5,139.5,0,Mph_TU
-612,158.5,0,Mph_TU
-747,348.5,0,Mph_TU
-732.5,355,0,Mph_TU
-732,375,0,Mph_TU
-687.5,463,0,Mph_TU
-281,-745,0,Mph_TU
-272.5,-722,0,Mph_TU
-286,-713.5,0,Mph_TU
123.5,-703.5,0,Mph_TU
244,-626,0,Mph_TU
-304.5,-611,0,Mph_TU
-282,-599,0,Mph_TU
169.5,-530,0,Mph_TU
-207,-517.5,0,Mph_TU
334,-512,0,Mph_TU
-162.5,-476,0,Mph_TU
-142.5,-473.5,0,Mph_TU
-75,-171,0,Mph_TU
-41,-172.5,0,Mph_TU
-91.5,-162.5,0,Mph_TU
-32,-146,0,Mph_TU
-69.5,-87,0,Mph_TU
-378.5,9,0,Mph_TU
-1180,-501.5,0,Mph_TU
281,49,0,Mph_TU
-142,117,0,Mph_TU
-421,123.5,0,Mph_TU
-169.5,145.5,0,Mph_TU
-143,138,0,Mph_TU
-460,179,0,Mph_TU
82.5,220.5,0,Mph_TU
34.5,279.5,0,Mph_TU
-280.5,658,0,Mph_TU
-301.5,673.5,0,Mph_TU
168,1048,0,Mph_TU
-33,1066.5,0,Mph_TU
20,1139,0,Mph_TU
131.5,1391.5,0,Mph_TU
151.5,1400,0,Mph_TU
177,1458,0,Mph_TU
207,1461,0,Mph_TU
160,1461.5,0,Mph_TU
290.5,1459,0,Mph_TU
181,1481,0,Mph_TU
889,272.5,0,Mph_TU
382.5,274,0,Mph_TU
496,427.5,0,Mph_TU
514,426,0,Mph_TU
917,469,0,Mph_TU
885.5,591.5,0,Mph_TU
446.5,684.5,0,Mph_TU
502.5,774,0,Mph_TU
522,784.5,0,Mph_TU
496,791.5,0,Mph_TU
504,798.5,0,Mph_TU
935,804,0,Mph_TU
951.5,805.5,0,Mph_TU
706,812,0,Mph_TU
520,812.5,0,Mph_TU
1237.5,836,0,Mph_TU
1257,894,0,Mph_TU
1241.5,911.5,0,Mph_TU
1432.5,1195,0,Mph_TU
1606,1217,0,Mph_TU
1690,1229.5,0,Mph_TU
1656,1238.5,0,Mph_TU
1710,1255.5,0,Mph_TU
1645,1252,0,Mph_TU
1633.5,1264,0,Mph_TU
1664,1274.5,0,Mph_TU
1639,1276,0,Mph_TU
1683.5,1294,0,Mph_TU
1648.5,1289.5,0,Mph_TU
1660.5,1312,0,Mph_TU
1222.5,1366,0,Mph_TU
1273,1407.5,0,Mph_TU
1768,1496,0,Mph_TU
1793,1489.5,0,Mph_TU
1777,1513,0,Mph_TU
1793.5,1521.5,0,Mph_TU
1780,1539,0,Mph_TU
494.5,822,0,Mph_TU
539.5,817.5,0,Mph_TU
526,828.5,0,Mph_TU
523,847,0,Mph_TU
456,899.5,0,Mph_TU
1079.5,985.5,0,Mph_TU
483.5,1048.5,0,Mph_TU
1097.5,1075,0,Mph_TU
992,1078.5,0,Mph_TU
1023.5,1090.5,0,Mph_TU
934,1310,0,Mph_TU
946,1322.5,0,Mph_TU
626,1348.5,0,Mph_TU
835,1363.5,0,Mph_TU
623.5,1364.5,0,Mph_TU
1117,1528,0,Mph_TU
1082.5,1514,0,Mph_TU
1092,1587.5,0,Mph_TU
881,1604.5,0,Mph_TU
907.5,1601,0,Mph_TU
1077.5,1620.5,0,Mph_TU
1098.5,1635,0,Mph_TU
1073,1645.5,0,Mph_TU
713.5,1661,0,Mph_TU
535.5,1681.5,0,Mph_TU
680.5,1723.5,0,Mph_TU
1046.5,1728.5,0,Mph_TU
662.5,1727,0,Mph_TU
1072,1741,0,Mph_TU
450.5,1737.5,0,Mph_TU
650,1741,0,Mph_TU
476.5,1751,0,Mph_TU
672.5,1754,0,Mph_TU
1065.5,1767,0,Mph_TU
1090,1767.5,0,Mph_TU
686.5,1784,0,Mph_TU
1072,1794,0,Mph_TU
650.5,1801.5,0,Mph_TU
829.5,1801.5,0,Mph_TU
1052,1818,0,Mph_TU
522.5,1817,0,Mph_TU
489.5,1824,0,Mph_TU
551,1857,0,Mph_TU
513.5,1864.5,0,Mph_TU
934,1866,0,Mph_TU
427,1871.5,0,Mph_TU
525,1900.5,0,Mph_TU
1049.5,1929,0,Mph_TU
948.5,1925,0,Mph_TU
1020,1953.5,0,Mph_TU
895.5,1957,0,Mph_TU
924.5,1965.5,0,Mph_TU
1040,1952.5,0,Mph_TU
888,1969,0,Mph_TU
1060,1990,0,Mph_TU
917,1992,0,Mph_TU
1082.5,1996,0,Mph_TU
1091,2017,0,Mph_TU
619,2020.5,0,Mph_TU
938,2050.5,0,Mph_TU
1035,2056.5,0,Mph_TU
951.5,2074,0,Mph_TU
904,2077.5,0,Mph_TU
1017,2084,0,Mph_TU
1017.5,2105.5,0,Mph_TU
1034,2112,0,Mph_TU
1005,2109,0,Mph_TU
846,2117,0,Mph_TU
988,2151.5,0,Mph_TU
839,2164,0,Mph_TU
891,2170,0,Mph_TU
875.5,2195.5,0,Mph_TU
918,2209.5,0,Mph_TU
809,2216,0,Mph_TU
890.5,2227.5,0,Mph_TU
861.5,2238,0,Mph_TU
903,2244,0,Mph_TU
1007.5,2252,0,Mph_TU
858,2262.5,0,Mph_TU
930,2281.5,0,Mph_TU
981.5,2279.5,0,Mph_TU
918.5,2289,0,Mph_TU
952,2292.5,0,Mph_TU
993.5,2291.5,0,Mph_TU
964.5,2307,0,Mph_TU
929.5,2303,0,Mph_TU
950.5,2310,0,Mph_TU
984.5,2315.5,0,Mph_TU
1013,2321,0,Mph_TU
919.5,2323.5,0,Mph_TU
979.5,2339,0,Mph_TU
1020,2343,0,Mph_TU
1018.5,2383,0,Mph_TU
998.5,2391.5,0,Mph_TU
1703,1719.5,0,Mph_TU
1742.5,1722.5,0,Mph_TU
1667,1759.5,0,Mph_TU
1740.5,1777,0,Mph_TU
1706,1772.5,0,Mph_TU
1808,1809.5,0,Mph_TU
